Date,Ticker,Open,High,Low,Close,Volume,total_tweet,positif_tweet,negatif_tweet,netral_tweet,avg_compound
2019-01-24,TINS.JK,999.1941528320312,1030.986694058505,858.3986131147905,858.3986131147905,152391400.0,1,0,0,1,0.0
2019-07-31,TINS.JK,958.7818603515624,981.9408424856582,954.1500639247432,977.309046058839,8852500.0,1,1,0,0,0.4939
2019-08-07,TINS.JK,926.3592529296876,940.2546417236327,893.9366790771484,907.8320678710936,42324400.0,1,1,0,0,0.5
2019-08-14,TINS.JK,991.2044677734376,995.836264351818,926.35931567611,926.35931567611,114988800.0,1,0,0,1,0.0
2019-08-23,TINS.JK,903.2003173828124,921.7275033804086,898.5685208834135,921.7275033804086,17789000.0,1,1,0,0,0.25
2019-08-28,TINS.JK,921.7274780273438,940.2546635153304,898.5684961673602,898.5684961673602,41821300.0,1,0,0,1,0.0
2019-09-02,TINS.JK,1028.2589111328125,1032.8907080298072,926.3593793989302,930.9911762959248,178709500.0,1,1,0,0,0.4588
2019-09-05,TINS.JK,1139.4219970703125,1190.3717611669524,968.0455178361598,1018.9952819327998,370749400.0,2,2,0,0,0.6739999999999999
2019-09-12,TINS.JK,1134.7901611328125,1162.5809405891264,1106.9993816764988,1106.9993816764988,138672200.0,4,2,0,2,0.213775
2019-11-04,TINS.JK,768.8782348632812,768.8782348632812,745.7192518854715,759.6146416721573,24033700.0,1,0,0,1,0.0
2020-11-20,TINS.JK,1023.626953125,1060.6813224688915,1018.9951569570136,1046.7859339649322,75947900.0,1,1,0,0,0.4201
2020-11-23,TINS.JK,1056.049560546875,1056.049560546875,1028.258782637747,1032.8905789559349,79268100.0,2,2,0,0,0.4498499999999999
2020-11-30,TINS.JK,991.2044677734376,1060.6814164491457,977.309078038296,1051.4178232923846,107404100.0,1,1,0,0,0.4019
2020-12-02,TINS.JK,1051.4178466796875,1079.2086267681375,995.8362865027876,1023.6270665912376,189623400.0,1,0,1,0,-0.34
2020-12-08,TINS.JK,1181.108154296875,1208.898934397978,1157.949170879289,1185.7399509803922,99138200.0,1,1,0,0,0.4703
2020-12-16,TINS.JK,1421.9615478515625,1519.2292758804967,1296.9030403857898,1296.9030403857898,332970600.0,6,3,2,1,0.1660833333333333
2020-12-23,TINS.JK,1375.6435546875,1394.170740609217,1283.007625078914,1384.9071476483584,79509000.0,1,0,0,1,0.0
2020-12-28,TINS.JK,1459.015869140625,1472.9112583705355,1347.8527553013394,1389.538922991071,104259400.0,4,2,1,1,0.262275
2021-01-04,TINS.JK,1496.0701904296875,1500.7019866848875,1375.6434877944805,1389.5388765600817,108911900.0,1,0,0,1,0.0
2021-01-05,TINS.JK,1514.597412109375,1611.8651358228212,1482.1748375382265,1496.0702266401472,259794600.0,3,2,1,0,0.2187666666666666
2021-01-06,TINS.JK,1486.8067626953125,1551.6519174546097,1421.9616079360155,1537.756527149046,145655600.0,1,1,0,0,0.8807
2021-01-07,TINS.JK,1681.3421630859375,1820.296060861635,1496.0702993850075,1509.9656891625775,464127300.0,5,3,0,2,0.21678
2021-01-08,TINS.JK,1681.3421630859375,1787.8734847139722,1681.3421630859375,1704.501146048554,184305100.0,1,1,0,0,0.2023
2021-01-11,TINS.JK,1621.1287841796875,1713.764714704241,1616.4969876534597,1639.6559702845982,102951700.0,1,1,0,0,0.1027
2021-01-13,TINS.JK,1783.24169921875,1815.664275568182,1672.0785803064125,1704.5011566558442,354456200.0,3,2,0,1,0.1661
2021-01-14,TINS.JK,2093.57177734375,2223.262064435841,1783.2414475162473,1801.768631386546,751709800.0,10,5,0,5,0.39073
2021-01-15,TINS.JK,2167.6806640625,2352.952515691773,2084.308330829327,2121.3627011551816,440772800.0,2,1,0,1,0.2997
2021-01-18,TINS.JK,2019.46337890625,2176.944468087013,2019.46337890625,2158.41728112457,179565600.0,2,2,0,0,0.5563
2021-01-19,TINS.JK,1880.5093994140625,1973.1453304196807,1880.5093994140625,1954.6181442185573,37965100.0,3,0,1,2,-0.0674333333333333
2021-01-20,TINS.JK,2121.36279296875,2130.6263859511464,1750.8190736728984,1750.8190736728984,432401000.0,4,4,0,0,0.410575
2021-01-21,TINS.JK,2186.2080078125,2288.107533600371,2121.3628550384005,2186.2080078125,356565500.0,3,2,0,1,0.3779999999999999
2021-01-22,TINS.JK,2037.9903564453125,2213.998614501953,2037.9903564453125,2195.47142944336,187237800.0,3,0,3,0,-0.313
2021-01-25,TINS.JK,2065.78125,2112.099215246637,1899.036575112108,2010.199691704036,291885300.0,3,2,1,0,0.065
2021-01-26,TINS.JK,1926.827392578125,2139.8900369497446,1926.827392578125,2093.572070782001,231407000.0,3,1,1,1,0.0940333333333333
2021-01-27,TINS.JK,1806.400634765625,1963.8817157451924,1797.137041766827,1945.354529747596,266361600.0,3,1,0,2,0.1339666666666666
2021-01-28,TINS.JK,1681.3421630859375,1797.1370778990188,1681.3421630859375,1760.0827051588328,153533100.0,2,1,1,0,-0.01055
2021-01-29,TINS.JK,1565.547119140625,1713.764597875832,1565.547119140625,1667.44663577108,104648800.0,3,2,0,1,0.2182
2021-02-01,TINS.JK,1899.0364990234373,1936.0908697360896,1459.0158468106897,1519.22919921875,416590600.0,3,0,1,2,-0.0479999999999999
2021-02-05,TINS.JK,1838.8232421875,1871.2458182462217,1760.082700330605,1820.2960558682305,213918000.0,5,4,0,1,0.41796
2021-02-08,TINS.JK,1991.6724853515625,1991.6724853515625,1861.9821839798328,1899.036555800327,264525100.0,6,3,2,1,-0.0660833333333333
2021-02-09,TINS.JK,1917.563720703125,2019.4632420931464,1852.718570727657,2000.9360563858693,167346400.0,2,1,0,1,0.10115
2021-02-10,TINS.JK,1945.3544921875,1991.6724562872023,1880.5093424479169,1936.09089936756,160564600.0,1,1,0,0,0.5423
2021-02-15,TINS.JK,1945.3544921875,1991.6724562872023,1917.5637137276783,1973.1452706473208,104759000.0,1,0,0,1,0.0
2021-02-16,TINS.JK,2158.417236328125,2186.2080161950107,1982.408963837849,1991.6725571268107,516329000.0,5,3,1,1,0.28406
2021-02-18,TINS.JK,2213.99853515625,2213.99853515625,2010.1995068155072,2047.253875604733,366058100.0,1,0,0,1,0.0
2021-02-22,TINS.JK,2195.471435546875,2315.8981387625263,2186.2078429918247,2251.0529908771755,282308900.0,2,1,1,0,-0.01875
2021-02-23,TINS.JK,2186.2080078125,2251.0531605865995,2176.9444145590573,2195.4716010659427,104782500.0,1,1,0,0,0.6705
2021-02-24,TINS.JK,2112.09912109375,2204.735047457511,2056.5175652754933,2176.944269548382,142788800.0,1,0,0,1,0.0
2021-02-25,TINS.JK,2139.89013671875,2204.735292376894,2121.362949387852,2158.4173240496484,123596900.0,1,1,0,0,0.6369
2021-02-26,TINS.JK,2056.517822265625,2102.8357912355714,2000.9362595016887,2037.9906346776463,189110200.0,1,1,0,0,0.2732
2021-03-01,TINS.JK,2010.1995849609373,2075.0447328629034,2000.9359924035136,2056.517547748056,69817100.0,1,0,1,0,-0.128
2021-03-02,TINS.JK,1899.0364990234373,2000.936018483232,1899.0364990234373,2000.936018483232,182572200.0,3,2,0,1,0.2889
2021-03-03,TINS.JK,1880.5093994140625,1963.88173731912,1861.9822132129389,1945.354551117996,94932100.0,1,1,0,0,0.765
2021-03-08,TINS.JK,1658.18310546875,1820.295978908432,1648.919512700768,1797.1369969884774,121704100.0,2,1,0,1,0.08895
2021-03-12,TINS.JK,1889.77294921875,1889.77294921875,1681.342109231388,1695.2374985638787,222163300.0,2,2,0,0,0.44355
2021-03-16,TINS.JK,1639.656005859375,1787.8734979144597,1639.656005859375,1787.8734979144597,209995500.0,2,0,1,1,-0.28595
2021-03-17,TINS.JK,1690.605712890625,1727.6600846800086,1607.233376364512,1639.6559516802226,196080700.0,1,1,0,0,0.3818
2021-03-18,TINS.JK,1713.7647705078125,1773.9781273094384,1709.1329738307645,1713.7647705078125,135057400.0,2,1,0,1,0.0386
2021-03-19,TINS.JK,1667.4466552734375,1718.3964141845702,1658.1830627441404,1713.764617919922,58146200.0,1,0,0,1,0.0
2021-03-22,TINS.JK,1644.2877197265625,1704.50107284331,1644.2877197265625,1672.078498088138,64070200.0,2,2,0,0,0.24935
2021-03-24,TINS.JK,1500.7020263671875,1621.1287321867767,1491.4384336118346,1597.969750298394,102905300.0,2,1,0,1,0.0386
2021-03-26,TINS.JK,1621.1287841796875,1644.2877668108258,1528.4928536551338,1565.5472258649552,195782600.0,1,0,0,1,0.0
2021-03-31,TINS.JK,1496.0701904296875,1528.4927642160894,1431.225042856884,1514.5973754504887,102857200.0,1,1,0,0,0.3612
2021-04-06,TINS.JK,1491.4384765625,1496.0702730735636,1412.6979358744177,1426.5933254076087,96191800.0,1,0,1,0,-0.2975
2021-04-07,TINS.JK,1472.9112548828125,1505.3338296758304,1449.7522728877998,1505.3338296758304,58218900.0,1,0,1,0,-0.3182
2021-04-09,TINS.JK,1459.015869140625,1514.597426060268,1459.015869140625,1500.7020368303572,50022500.0,1,1,0,0,0.7184
2021-04-15,TINS.JK,1426.5933837890625,1459.0159606933594,1417.329790387835,1435.8569771902903,34929100.0,1,1,0,0,0.7506
2021-04-16,TINS.JK,1449.7523193359375,1472.9113020729333,1431.2251331463408,1445.1205227885382,46568000.0,1,1,0,0,0.1027
2021-04-21,TINS.JK,1463.647705078125,1486.8066877534118,1435.8569258677808,1454.3841120080103,35173900.0,3,2,1,0,0.1236666666666666
2021-04-22,TINS.JK,1486.8067626953125,1519.229340074961,1463.6477788527066,1472.911372389749,69213500.0,2,1,0,1,0.17
2021-04-23,TINS.JK,1463.647705078125,1496.0702808235264,1459.0159085430676,1496.0702808235264,18181900.0,1,0,0,1,0.0
2021-04-29,TINS.JK,1621.1287841796875,1639.6559702845982,1509.965667550223,1528.4928536551338,189205800.0,1,0,0,1,0.0
2021-05-04,TINS.JK,1704.5010986328125,1741.5554703422215,1597.9697799682615,1597.9697799682615,152443400.0,4,3,1,0,0.2434
2021-05-07,TINS.JK,1672.07861328125,1760.0827508223683,1653.5514264304882,1736.923767258916,143563700.0,1,0,0,1,0.0
2021-05-17,TINS.JK,1570.1790771484375,1704.501181093289,1570.1790771484375,1685.973994342275,84726800.0,2,0,1,1,-0.1366
2021-05-31,TINS.JK,1482.1748046875,1496.0701934814454,1468.2794158935546,1468.2794158935546,36574500.0,1,1,0,0,0.3818
2021-06-11,TINS.JK,1477.5430908203125,1514.597463003894,1472.9112942973647,1472.9112942973647,42027400.0,1,1,0,0,0.3182
2021-06-23,TINS.JK,1352.4844970703125,1408.066051744435,1343.2209046246255,1389.5388668530609,25506100.0,1,1,0,0,0.4404
2021-06-24,TINS.JK,1343.220947265625,1375.6435218547954,1329.3255581559806,1347.8527436355066,12705300.0,1,0,1,0,-0.5819
2021-06-30,TINS.JK,1380.2752685546875,1380.2752685546875,1310.7983255066326,1310.7983255066326,41648100.0,1,1,0,0,0.4019
2021-07-06,TINS.JK,1463.647705078125,1477.543094683297,1343.2209951666337,1347.852791701691,102886300.0,3,3,0,0,0.2292
2021-07-09,TINS.JK,1509.9656982421875,1519.2292914829372,1459.0159354180646,1491.4385117606882,59881600.0,1,0,0,1,0.0
2021-07-12,TINS.JK,1459.015869140625,1547.0200009300595,1459.015869140625,1514.597426060268,41665100.0,1,1,0,0,0.0516
2021-07-15,TINS.JK,1505.3338623046875,1528.4928448016826,1486.8066763070913,1491.4384728064904,41297900.0,3,0,1,2,-0.0668333333333333
2021-07-16,TINS.JK,1570.1790771484375,1602.601653962712,1523.8611102709024,1528.4929069586558,95678400.0,4,0,2,2,-0.17785
2021-07-19,TINS.JK,1570.1790771484375,1607.2334506504656,1560.9154837729304,1593.3380605872048,38884600.0,1,1,0,0,0.886
2021-07-23,TINS.JK,1602.6015625,1625.760544617052,1547.0200054190752,1556.283598265896,96596700.0,4,2,0,2,0.2098
2021-07-26,TINS.JK,1537.7564697265625,1639.655994828925,1537.7564697265625,1621.128808446677,65110600.0,2,0,1,1,-0.064
2021-07-27,TINS.JK,1519.229248046875,1616.4969742937783,1505.3338585830315,1574.8108059022484,68665000.0,2,1,1,0,0.0850999999999999
2021-07-28,TINS.JK,1468.279541015625,1537.7564909059545,1468.279541015625,1533.124694246599,48139400.0,1,0,0,1,0.049
2021-07-30,TINS.JK,1542.38818359375,1542.38818359375,1491.438423775338,1514.5974055109798,38339400.0,1,1,0,0,0.34
2021-08-03,TINS.JK,1533.1246337890625,1565.5472091259917,1509.9656514055418,1565.5472091259917,22837900.0,4,0,2,2,-0.038575
2021-08-18,TINS.JK,1375.6435546875,1403.4343335700758,1357.116368765783,1380.275351167929,12336500.0,2,0,2,0,-0.41895
2021-09-09,TINS.JK,1389.5389404296875,1398.8025333658854,1343.2209757486978,1352.4845686848955,26585000.0,1,0,1,0,-0.296
2021-09-23,TINS.JK,1384.9072265625,1417.3298037729933,1384.9072265625,1408.066210284281,23635100.0,1,0,0,1,0.0
2021-10-06,TINS.JK,1468.279541015625,1537.7564909059545,1463.6477443562696,1509.9657109498226,79510000.0,1,1,0,0,0.0516
2021-10-11,TINS.JK,1560.9154052734375,1579.4425910927068,1491.4384584511777,1500.7020513608122,174296600.0,1,0,0,1,0.0
2021-10-12,TINS.JK,1528.492919921875,1547.020106830019,1509.965733013731,1547.020106830019,80901100.0,2,2,0,0,0.64215
2021-10-14,TINS.JK,1579.442626953125,1593.3380166330646,1528.4928647933468,1537.7564579133066,91395300.0,2,2,0,0,0.7212000000000001
2021-10-15,TINS.JK,1593.3380126953125,1616.496995437977,1570.179029952648,1597.9698092438452,105274800.0,1,0,0,1,0.0
2021-10-28,TINS.JK,1445.1204833984375,1454.384076240735,1412.6979084503955,1431.225094134991,60011500.0,1,1,0,0,0.4019
2021-11-10,TINS.JK,1468.279541015625,1468.279541015625,1445.1205577188489,1463.6477443562696,8270900.0,1,1,0,0,0.0516
2021-11-19,TINS.JK,1505.3338623046875,1509.9656588040866,1477.5430833082933,1491.4384728064904,51602600.0,1,1,0,0,0.5423
2021-11-23,TINS.JK,1523.8609619140625,1560.9153318086294,1505.3337769667792,1519.2291656772416,78722500.0,1,1,0,0,0.9549
2021-11-25,TINS.JK,1556.2835693359375,1579.4425510224842,1547.0199766613189,1574.810754685175,64280000.0,1,1,0,0,0.6573
2021-12-30,TINS.JK,1347.852783203125,1380.2753587440936,1347.852783203125,1371.0117657323883,10009000.0,2,1,0,1,0.178
2022-01-11,TINS.JK,1222.7943115234375,1320.0620408491654,1222.7943115234375,1306.16665094549,32102200.0,1,1,0,0,0.34
2022-01-12,TINS.JK,1167.212646484375,1269.1121632409474,1148.6854616195435,1241.3213859437003,46840700.0,1,0,1,0,-0.1779
2022-01-31,TINS.JK,1278.3758544921875,1296.9030407891755,1273.7440579179404,1296.9030407891755,6653600.0,1,1,0,0,0.6124
2022-02-02,TINS.JK,1292.271240234375,1324.693816154234,1287.6394436743951,1301.5348333543348,12411300.0,1,0,1,0,-0.4588
2022-02-03,TINS.JK,1296.9029541015625,1310.798342895508,1269.1121765136718,1287.6393615722657,14467800.0,1,1,0,0,0.8658
2022-03-07,TINS.JK,1658.18310546875,1676.7102910047136,1556.2835850209497,1574.8107705569132,172897200.0,5,4,1,0,0.45202
2022-03-08,TINS.JK,1570.1790771484375,1773.9781314095917,1542.3882970219163,1713.764774468796,328418900.0,1,0,0,1,0.0
2022-03-10,TINS.JK,1528.492919921875,1551.651903557055,1459.0159690163352,1519.229326467803,61268000.0,1,0,1,0,-0.2732
2022-03-15,TINS.JK,1449.7523193359375,1509.965674452127,1440.4887262411391,1496.070284809929,38717600.0,2,1,1,0,0.20845
2022-03-16,TINS.JK,1463.647705078125,1477.543094683297,1445.1205189378957,1449.752315472953,25008600.0,1,0,0,1,0.0
2022-03-17,TINS.JK,1519.229248046875,1537.756433998666,1472.9112831673972,1477.5430796553449,63458300.0,1,0,0,1,0.0
2022-03-18,TINS.JK,1547.02001953125,1556.2836124625749,1509.9656478059503,1523.8610372029375,38744800.0,1,0,1,0,-0.1779
2022-03-24,TINS.JK,1709.1328125,1713.7646087398375,1658.1830538617887,1658.1830538617887,105615800.0,3,3,0,0,0.4848333333333333
2022-03-25,TINS.JK,1709.1328125,1727.6599974593496,1685.9738313008131,1713.7646087398375,76287100.0,2,0,2,0,-0.26725
2022-04-01,TINS.JK,1741.555419921875,1769.3461978993516,1676.7102713077625,1685.9738639669215,100367200.0,2,1,1,0,-0.04285
2022-04-08,TINS.JK,1806.400634765625,1829.55961726262,1783.24165226863,1801.7688382662257,47379500.0,2,1,1,0,0.36605
2022-04-13,TINS.JK,1787.8734130859375,1806.400598713771,1750.8190418302704,1760.0826346441872,39737500.0,1,1,0,0,0.25
2022-04-18,TINS.JK,1899.0364990234373,1917.563684379764,1773.9779978682354,1778.609794207317,108220400.0,1,1,0,0,0.2732
2022-04-26,TINS.JK,1690.605712890625,1746.1872705747005,1630.3923587328766,1732.2918811536815,96409400.0,1,1,0,0,0.4118
2022-04-28,TINS.JK,1718.396484375,1760.0826524595689,1713.764687921159,1741.555466644205,19961800.0,1,1,0,0,0.5719
2022-05-12,TINS.JK,1509.9656982421875,1611.8652238904333,1496.0703083810631,1574.8108509274348,40735600.0,1,1,0,0,0.5719
2022-05-18,TINS.JK,1547.02001953125,1579.442594790887,1509.9656478059503,1570.179001859562,51458600.0,1,1,0,0,0.5994
2022-05-20,TINS.JK,1611.865234375,1635.0242176275144,1593.3380477729884,1607.2334377244972,65157200.0,2,2,0,0,0.76505
2022-05-25,TINS.JK,1639.656005859375,1676.7103788731465,1616.497022725768,1672.0785822464247,45752200.0,4,3,1,0,0.381175
2022-06-02,TINS.JK,1848.0867919921875,1889.7729602326128,1746.1872696267037,1760.082659040179,121555300.0,2,1,1,0,0.0
2022-06-06,TINS.JK,1839.9927978515625,1859.1096061409287,1811.317585417512,1859.1096061409287,36035800.0,1,0,1,0,-0.4404
2022-06-08,TINS.JK,1873.4471435546875,1892.56395114198,1844.7719321737484,1873.4471435546875,31492300.0,1,1,0,0,0.743
2022-06-09,TINS.JK,1897.34326171875,1921.239272571631,1863.8888465247169,1883.0056552070207,56247100.0,1,0,0,1,0.0
2022-06-17,TINS.JK,1644.0455322265625,1730.0711705407432,1644.0455322265625,1701.3959577693497,35065700.0,1,0,1,0,-0.4019
2022-06-21,TINS.JK,1658.383056640625,1663.162258532961,1620.1494415019365,1624.9286433942725,24595000.0,1,1,0,0,0.128
2022-07-04,TINS.JK,1319.059814453125,1366.8518367159193,1314.2806122268455,1323.8390166794045,34270500.0,1,0,1,0,-0.81
2022-07-15,TINS.JK,1213.9173583984375,1280.826189176304,1204.3589540015994,1252.15097598579,26123400.0,1,0,0,1,0.0
2022-07-19,TINS.JK,1314.280517578125,1323.8389213423295,1256.9300949928977,1256.9300949928977,25892500.0,1,1,0,0,0.3818
2022-08-10,TINS.JK,1462.435791015625,1505.4486083984375,1457.6565890842014,1495.8902045355903,23915000.0,2,2,0,0,0.52695
2022-09-02,TINS.JK,1433.7606201171875,1467.2150345865884,1433.7606201171875,1438.5398221842447,41666900.0,1,1,0,0,0.9559
2022-09-06,TINS.JK,1462.435791015625,1471.9941948784722,1448.0981852213542,1462.435791015625,24184200.0,1,1,0,0,0.5574
2022-09-07,TINS.JK,1438.539794921875,1495.8902186396906,1433.7605929453905,1462.4358048042982,51442300.0,2,1,1,0,0.3276
2022-10-06,TINS.JK,1314.280517578125,1328.6181232244317,1309.5013156960226,1323.8389213423295,8008700.0,1,1,0,0,0.5574
2022-10-12,TINS.JK,1338.176513671875,1338.176513671875,1280.826091657366,1309.5013026646209,13367700.0,1,0,0,1,0.0
2022-10-19,TINS.JK,1242.592529296875,1256.9301354041468,1213.9173170823317,1237.8133272611178,8735500.0,1,0,1,0,-0.5423
2022-10-20,TINS.JK,1333.3973388671875,1333.3973388671875,1233.0340983072915,1242.592502170139,25796400.0,3,1,0,2,0.1646333333333333
2022-10-21,TINS.JK,1299.9429931640625,1333.397408429314,1295.1637909833123,1333.397408429314,12718500.0,1,1,0,0,0.2023
2022-11-02,TINS.JK,1295.1636962890625,1304.7220999517124,1276.0468889637627,1276.0468889637627,14034000.0,1,1,0,0,0.0772
2022-11-09,TINS.JK,1366.851806640625,1376.4102108828672,1342.9557960350198,1347.7349981561408,27443200.0,2,1,1,0,0.24125
2022-11-17,TINS.JK,1314.280517578125,1347.734930752841,1309.5013156960226,1338.1765269886364,21677600.0,1,0,0,1,0.0
2022-11-23,TINS.JK,1242.592529296875,1271.2677415114183,1237.8133272611178,1266.4885394756611,63634300.0,1,0,0,1,0.0258
2022-11-24,TINS.JK,1233.0341796875,1252.1509886749031,1233.0341796875,1242.5925841812016,19125200.0,2,1,0,1,0.28595
2022-11-28,TINS.JK,1223.4757080078125,1242.5925159454346,1218.696506023407,1237.813313961029,16953100.0,2,2,0,0,0.28125
2022-11-30,TINS.JK,1170.904541015625,1237.8133719308037,1151.7877321827168,1228.2549675143496,65017500.0,1,0,1,0,-0.3182
2022-12-05,TINS.JK,1190.0213623046875,1209.1381713376943,1185.2421600464356,1185.2421600464356,16443100.0,1,1,0,0,0.296
2022-12-07,TINS.JK,1123.1124267578125,1180.4628485497008,1113.554023125831,1161.346041285738,25237600.0,1,0,0,1,0.0258
2022-12-12,TINS.JK,1123.1124267578125,1127.8916285738032,1108.7748213098405,1113.554023125831,7385200.0,1,1,0,0,0.743
2023-01-11,TINS.JK,1113.5540771484375,1118.3332791962848,1099.2164710048953,1118.3332791962848,6202000.0,1,1,0,0,0.296
2023-01-16,TINS.JK,1175.6837158203125,1180.4629179171432,1142.2293011424988,1147.0085032393292,45344300.0,1,0,0,1,0.0
2023-01-17,TINS.JK,1237.8133544921875,1242.592556633084,1175.6837266605332,1185.2421309423262,64870300.0,1,1,0,0,0.4215
2023-01-26,TINS.JK,1218.696533203125,1228.2549373851102,1209.1381290211398,1213.9173311121324,11105300.0,1,0,1,0,-0.128
2023-01-27,TINS.JK,1252.15087890625,1276.0468880456824,1228.2548697668178,1228.2548697668178,57375800.0,1,1,0,0,0.3818
2023-03-06,TINS.JK,1132.6708984375,1161.346111056171,1127.891696334388,1151.7877068499472,7350900.0,1,1,0,0,0.1779
2023-03-21,TINS.JK,941.5028076171876,951.0612117554332,912.8275952024508,912.8275952024508,7284800.0,1,1,0,0,0.4728
2023-03-27,TINS.JK,970.1780395507812,984.5156460466056,960.6196352202315,965.3988373855065,11528500.0,1,1,0,0,0.128
2023-04-05,TINS.JK,974.9572143554688,998.85322451124,965.3988102931604,965.3988102931604,14337400.0,1,1,0,0,0.4215
2023-05-03,TINS.JK,955.8403930664062,965.3987969970702,941.50278717041,955.8403930664062,8686100.0,1,1,0,0,0.34
2023-05-25,TINS.JK,841.1395874023438,888.9316094138405,836.360385201194,888.9316094138405,24712300.0,1,0,1,0,-0.3612
2023-06-05,TINS.JK,898.489990234375,908.0483943858044,869.8147777800865,884.1523840072307,11126700.0,1,1,0,0,0.7184
2023-06-15,TINS.JK,931.9443969726562,946.282003079928,922.385992901142,931.9443969726562,11201100.0,1,1,0,0,0.0516
2023-07-14,TINS.JK,1010.0,1015.0,960.0,960.0,38717200.0,2,1,0,1,0.2202
2023-07-17,TINS.JK,990.0,1020.0,990.0,1015.0,23645100.0,2,1,0,1,0.2787
2023-07-24,TINS.JK,945.0,985.0,940.0,975.0,38354100.0,1,1,0,0,0.1531
2023-07-25,TINS.JK,925.0,955.0,925.0,950.0,22811300.0,1,0,1,0,-0.1531
2023-07-27,TINS.JK,950.0,955.0,935.0,935.0,15118300.0,1,1,0,0,0.8442
2023-11-16,TINS.JK,665.0,670.0,650.0,670.0,5991000.0,1,0,1,0,-0.1027
2023-12-01,TINS.JK,650.0,660.0,625.0,630.0,16052000.0,1,1,0,0,0.3612
2023-12-21,TINS.JK,625.0,650.0,620.0,630.0,8030600.0,1,0,0,1,0.0
2024-08-12,TINS.JK,1010.0,1010.0,955.0,970.0,63171100.0,1,1,0,0,0.7717
2024-08-23,TINS.JK,1030.0,1040.0,1015.0,1015.0,18740100.0,1,1,0,0,0.7703
2024-10-15,TINS.JK,1380.0,1465.0,1370.0,1435.0,64734400.0,1,1,0,0,0.7311
2024-11-05,TINS.JK,1520.0,1520.0,1365.0,1395.0,178015300.0,2,2,0,0,0.58005
2024-11-14,TINS.JK,1330.0,1375.0,1320.0,1375.0,32097900.0,1,0,0,1,0.0
2025-01-02,TINS.JK,1085.0,1100.0,1060.0,1075.0,19351600.0,1,1,0,0,0.5423
2025-02-11,TINS.JK,930.0,990.0,930.0,980.0,22986500.0,1,1,0,0,0.3818
2025-02-13,TINS.JK,990.0,990.0,960.0,965.0,16124400.0,1,0,1,0,-0.3182
2025-02-25,TINS.JK,990.0,1045.0,990.0,1045.0,23020900.0,1,0,1,0,-0.9977
2025-03-26,TINS.JK,965.0,965.0,900.0,905.0,24322200.0,2,1,1,0,-0.25445
2025-05-05,TINS.JK,1036.558310019003,1055.4048247466217,1017.7117952913852,1045.9815673828125,36933500.0,2,0,2,0,-0.1779
2025-05-06,TINS.JK,1055.4049097803347,1135.5026038261635,1050.6932807188152,1126.079345703125,105718500.0,2,2,0,0,0.2365499999999999
2025-05-09,TINS.JK,1083.674681527274,1093.097939627511,1055.4049072265625,1055.4049072265625,29311000.0,1,1,0,0,0.8591
2025-05-22,TINS.JK,1088.3862735523896,1154.3490780101104,1088.3862735523896,1121.36767578125,114534700.0,2,2,0,0,0.5302
2025-05-23,TINS.JK,1102.5211592004655,1116.6560458568815,1097.8095303149933,1107.2327880859375,17207400.0,1,1,0,0,0.296
2025-05-26,TINS.JK,1116.6560870671676,1130.7909742452332,1097.8095708297471,1111.9444580078125,26525000.0,1,1,0,0,0.2263
2025-06-02,TINS.JK,1116.6559993489582,1121.3676280381944,1055.4048263888888,1060.116455078125,43759500.0,2,1,1,0,0.30635
2025-06-03,TINS.JK,1069.539754942515,1102.5211570773065,1041.2699816841225,1078.9630126953125,33812700.0,1,1,0,0,0.1531
2025-06-04,TINS.JK,1083.6746456415326,1144.9258212647496,1083.6746456415326,1135.5025634765625,67122100.0,3,1,0,2,0.1060666666666666
2025-06-05,TINS.JK,1149.6374114742125,1225.023471243013,1144.9257827386623,1159.0606689453125,122610300.0,2,1,1,0,0.01045
2025-06-10,TINS.JK,1173.19559667178,1187.330483378669,1121.3676787465208,1163.7723388671875,86676800.0,1,1,0,0,0.4767
2025-06-12,TINS.JK,1107.232787033607,1135.5025603195716,1093.097900390625,1093.097900390625,104679800.0,3,2,1,0,0.2323
2025-06-13,TINS.JK,1093.0979407269022,1107.2328278914742,1074.2514245074728,1083.6746826171875,38364100.0,2,2,0,0,0.5935
2025-06-16,TINS.JK,1083.674601765422,1111.9443739853896,1083.674601765422,1088.38623046875,30722200.0,3,2,1,0,0.1040999999999999
2025-06-18,TINS.JK,1107.2328278914742,1111.9444569463317,1078.96305356233,1083.6746826171875,28465300.0,1,1,0,0,0.8519
2025-06-19,TINS.JK,1083.6746393725475,1088.386268239385,1045.9816084378504,1050.6932373046875,29399600.0,1,1,0,0,0.128
2025-06-20,TINS.JK,1055.4049066742082,1069.5397938171664,1036.5583904835971,1041.27001953125,36852200.0,1,0,1,0,-0.1779
2025-06-23,TINS.JK,1045.0,1045.0,1005.0,1010.0,39016500.0,2,1,0,1,0.07655
2025-06-26,TINS.JK,985.0,1005.0,980.0,1005.0,17745200.0,1,1,0,0,0.2732
2025-06-30,TINS.JK,1015.0,1040.0,1005.0,1035.0,17729500.0,2,1,1,0,0.34435
2025-07-03,TINS.JK,1015.0,1040.0,1015.0,1035.0,8671400.0,2,1,0,1,0.3548
2025-07-04,TINS.JK,1035.0,1050.0,1020.0,1020.0,5370100.0,1,1,0,0,0.3182
2025-07-07,TINS.JK,1040.0,1040.0,1010.0,1010.0,6155400.0,1,0,0,1,0.0
2025-07-08,TINS.JK,1015.0,1030.0,1015.0,1015.0,7022900.0,4,4,0,0,0.835275
2019-01-04,ISAT.JK,361.7598571777344,374.34280873174254,347.0797470313915,347.0797470313915,11822400.0,1,0,0,1,0.0
2019-02-11,ISAT.JK,738.1997680664062,771.7543029785156,717.2281837463379,723.5196590423584,97184000.0,1,0,0,1,0.0
2019-02-12,ISAT.JK,683.6737060546875,748.6856228881087,658.5078027643309,736.1026712429305,105966000.0,2,1,0,1,0.10115
2019-02-14,ISAT.JK,786.4345092773438,788.5316679687501,671.0907812500001,681.5765747070313,194750400.0,1,1,0,0,0.5267
2019-02-15,ISAT.JK,775.9486694335938,794.8230965279243,734.005498112859,786.4344622637774,101940800.0,1,1,0,0,0.0516
2019-04-04,ISAT.JK,505.4152221679688,520.0953323554202,488.63795338231006,488.63795338231006,7402400.0,1,0,0,1,0.0
2019-05-10,ISAT.JK,429.9175415039063,434.1118589819931,400.557319157298,416.2860097001239,34046800.0,1,0,0,1,0.0
2019-05-21,ISAT.JK,377.4885559082031,394.2658250596788,370.14850065443255,370.14850065443255,13437600.0,1,1,0,0,0.7739
2019-06-24,ISAT.JK,497.026611328125,507.51240481606015,482.3465004450159,503.3180874208861,46860800.0,1,0,0,1,0.0
2019-08-26,ISAT.JK,715.1310424804688,727.7139933745533,641.7304955983092,685.7708237276049,43712000.0,1,0,1,0,-0.128
2019-12-05,ISAT.JK,656.41064453125,656.41064453125,624.9532654003594,629.1475826178115,29622800.0,1,1,0,0,0.128
2020-01-24,ISAT.JK,490.7351379394531,507.51240761259686,488.6379792303102,505.4152489034539,10386800.0,1,0,1,0,-0.1531
2020-01-28,ISAT.JK,476.0550231933594,484.4436579632864,450.8891188835783,465.56922973095055,22393600.0,1,1,0,0,0.8074
2020-01-30,ISAT.JK,480.2493286132813,494.9294390949099,471.86069405235054,490.7351218144446,11547200.0,1,1,0,0,0.3612
2020-02-20,ISAT.JK,482.3464660644531,492.8322588049847,469.7635147758152,482.3464660644531,17170800.0,1,0,0,1,0.0
2020-03-05,ISAT.JK,469.7635192871094,486.5407878330776,463.47204358237127,473.9578364236014,12779600.0,4,2,0,2,0.22775
2020-04-08,ISAT.JK,402.6544799804688,432.01470247904456,402.6544799804688,427.8203849792481,27157600.0,1,1,0,0,0.8179
2020-04-23,ISAT.JK,425.7232360839844,452.9863004637469,425.7232360839844,450.8891416653036,40736800.0,2,2,0,0,0.4316
2020-05-27,ISAT.JK,442.5004577636719,450.88909203407326,440.40329919607154,446.6947748988726,24276400.0,1,1,0,0,0.296
2020-06-04,ISAT.JK,438.3061218261719,444.5975972590834,427.820329437986,436.20896334853467,30851200.0,1,0,1,0,-0.598
2020-06-05,ISAT.JK,469.7635192871094,473.9578364236014,432.0146650586809,432.0146650586809,86015200.0,4,3,0,1,0.371825
2020-06-08,ISAT.JK,463.4720458984375,482.3464731069712,463.4720458984376,482.3464731069712,67458800.0,1,0,1,0,-0.0516
2020-06-09,ISAT.JK,448.79193115234375,473.9578338337836,448.79193115234375,467.6663581634237,28308400.0,1,1,0,0,0.4019
2020-06-11,ISAT.JK,467.6663513183594,484.4436195270897,457.1805586879029,469.76350984445065,126876800.0,1,1,0,0,0.802
2020-06-15,ISAT.JK,471.8606872558594,513.8038594563802,471.8606872558594,478.1521630859375,187797600.0,1,0,1,0,-0.1779
2020-06-16,ISAT.JK,499.123779296875,501.2209380334165,482.34650940454304,492.8323030872505,93257600.0,2,1,0,1,0.03845
2020-06-17,ISAT.JK,492.832275390625,507.5123857214096,488.637958153258,501.22090986535903,51125200.0,1,1,0,0,0.3265
2020-06-18,ISAT.JK,524.2896728515625,530.5811489257812,480.2493403320313,482.3464990234375,95150000.0,2,1,1,0,-0.0747499999999999
2020-06-22,ISAT.JK,524.2896728515625,534.7754663085938,509.6095620117188,530.5811489257812,28054800.0,1,0,1,0,-0.5106
2020-07-06,ISAT.JK,524.2896728515625,532.6783076171876,503.3180859375,503.3180859375,49955200.0,1,1,0,0,0.8658
2020-07-08,ISAT.JK,538.9697875976562,545.2612637174732,532.6783114778392,538.9697875976562,25999600.0,2,2,0,0,0.4024999999999999
2020-07-13,ISAT.JK,538.9697875976562,551.5527398372902,536.8726288910506,538.9697875976562,13088800.0,1,0,0,1,0.0
2020-07-21,ISAT.JK,536.8726196289062,545.2612543106079,534.7754609584808,534.7754609584808,16051600.0,1,1,0,0,0.9284
2020-07-30,ISAT.JK,482.3464660644531,507.5123686417289,463.4720391314963,492.8322588049847,51673600.0,2,1,1,0,-0.04745
2020-08-04,ISAT.JK,486.5408020019531,488.637960631272,455.0834225621717,455.0834225621717,20395600.0,2,1,1,0,0.02265
2020-08-26,ISAT.JK,524.2896728515625,532.6783076171876,511.706720703125,517.9981967773438,34704800.0,1,1,0,0,0.1761
2020-09-14,ISAT.JK,473.9578247070313,492.8322513546564,471.8606661906284,473.9578247070313,23150800.0,1,1,0,0,0.4404
2020-10-02,ISAT.JK,419.4317321777344,434.1118428039551,416.28599418640135,434.1118428039551,11906400.0,1,1,0,0,0.3182
2020-10-14,ISAT.JK,438.3061218261719,444.5975972590834,429.9174879156232,432.0146463932603,35826400.0,1,1,0,0,0.4019
2020-11-24,ISAT.JK,486.5408020019531,490.7351192605907,478.1521674846781,484.4436433726344,32901600.0,1,1,0,0,0.3818
2020-12-02,ISAT.JK,526.3868408203125,528.4839995486803,465.5692376976469,471.8607138827503,317728000.0,2,1,0,1,0.27115
2020-12-03,ISAT.JK,520.0953369140625,534.7754472301853,513.8038610642956,530.5811299970073,103166000.0,1,0,0,1,0.0
2020-12-14,ISAT.JK,698.3538208007812,698.3538208007812,562.0385104342624,564.1356690552858,427096400.0,5,4,0,1,0.2133999999999999
2020-12-15,ISAT.JK,710.936767578125,784.3373188030051,664.7992782367717,719.3254020038255,270410400.0,1,0,0,1,0.0
2020-12-16,ISAT.JK,887.0980834960938,887.0980834960938,719.3253963100713,727.7140306693724,177081200.0,9,7,0,2,0.4955777777777777
2020-12-17,ISAT.JK,826.280517578125,1048.5793370280774,826.280517578125,895.4867538219781,387940000.0,5,1,3,1,-0.15234
2020-12-18,ISAT.JK,956.3043823242188,977.2759696558904,817.8919059351872,824.1833821346886,280490800.0,1,0,0,1,0.0
2020-12-21,ISAT.JK,1153.437255859375,1195.380428799716,962.595818980824,968.8872949218752,354654000.0,11,4,2,5,0.1127181818181818
2020-12-22,ISAT.JK,1101.00830078125,1258.295200892857,1074.7938174293154,1179.6517508370534,221829600.0,1,1,0,0,0.1531
2020-12-23,ISAT.JK,1184.89453125,1226.8377004977876,1040.1905973451328,1101.0081927544247,287237600.0,2,0,1,1,-0.064
2020-12-28,ISAT.JK,1184.89453125,1184.89453125,1184.89453125,1184.89453125,0.0,3,3,0,0,0.3867666666666666
2020-12-29,ISAT.JK,1106.2510986328125,1357.9101163312723,1106.2510986328125,1216.3519188758887,336027200.0,7,2,0,5,0.0329
2020-12-30,ISAT.JK,1059.065185546875,1127.222846002862,1033.8992801477414,1101.0083612120975,135480800.0,3,1,1,1,-0.0077333333333333
2021-01-04,ISAT.JK,1216.35205078125,1221.594947551859,1064.3080444335938,1069.550941204203,196813200.0,3,1,2,0,0.0597666666666666
2021-01-06,ISAT.JK,1142.951416015625,1195.380380053039,1106.2511411894352,1179.6516908418148,71719600.0,2,0,0,2,0.0
2021-01-07,ISAT.JK,1237.3236083984375,1237.3236083984375,1142.9514687748278,1158.6801587120965,147130400.0,1,1,0,0,0.4215
2021-01-08,ISAT.JK,1237.3236083984375,1237.3236083984375,1237.3236083984375,1237.3236083984375,0.0,3,0,1,2,-0.1272666666666666
2021-01-11,ISAT.JK,1237.3236083984375,1237.3236083984375,1237.3236083984375,1237.3236083984375,0.0,2,1,1,0,0.0611
2021-01-14,ISAT.JK,1300.2384033203125,1347.4244744085497,1268.781022594821,1342.1815776209676,57722800.0,2,1,0,1,0.31245
2021-01-19,ISAT.JK,1190.1375732421875,1268.7810252185436,1116.7370180642554,1200.623366839035,62910400.0,1,1,0,0,0.0516
2021-01-21,ISAT.JK,1179.6517333984375,1242.5664925130209,1158.6801470269097,1237.3235959201388,18348800.0,1,1,0,0,0.5106
2021-01-27,ISAT.JK,1153.437255859375,1216.3520152698864,1106.2511863014915,1153.437255859375,57200400.0,3,2,0,1,0.4819666666666666
2021-02-04,ISAT.JK,1169.166015625,1237.3236757286995,1090.522561659193,1090.522561659193,106695200.0,1,1,0,0,0.3612
2021-02-11,ISAT.JK,1247.809326171875,1289.7524967995012,1216.3519482011554,1221.5948445296087,51298400.0,1,1,0,0,0.6908
2021-02-17,ISAT.JK,1211.109130859375,1274.023890904018,1184.8946475074404,1263.538097563244,36954800.0,1,1,0,0,0.1531
2021-03-09,ISAT.JK,1174.40869140625,1232.080546787807,1174.40869140625,1190.1373792375837,31064000.0,1,0,1,0,-0.128
2021-03-16,ISAT.JK,1294.9954833984375,1384.124727195091,1179.65175613218,1179.65175613218,176234000.0,4,2,2,0,0.22505
2021-03-17,ISAT.JK,1268.781005859375,1352.6673533542098,1247.8094189856663,1294.9954894515108,57736400.0,1,0,1,0,-0.6369
2021-03-18,ISAT.JK,1384.1246337890625,1473.2538715709338,1253.0522252863102,1279.2667069868608,120371600.0,2,1,0,1,0.125
2021-03-22,ISAT.JK,1300.2384033203125,1405.0963390719503,1300.2384033203125,1405.0963390719503,25834000.0,1,1,0,0,0.4019
2021-07-07,ISAT.JK,1289.7525634765625,1336.9386328720466,1268.7809770785695,1336.9386328720466,15820000.0,1,0,0,1,0.0
2021-07-23,ISAT.JK,1247.809326171875,1284.509600471048,1247.809326171875,1279.2667041425946,8689600.0,1,1,0,0,0.5106
2021-07-29,ISAT.JK,1258.295166015625,1284.5096486409504,1205.866200764974,1247.8093729654947,28170400.0,1,1,0,0,0.6561
2021-08-20,ISAT.JK,1368.39599609375,1384.124685704023,1258.295168821839,1258.295168821839,13301600.0,1,0,1,0,-0.296
2021-08-30,ISAT.JK,1347.4244384765625,1368.3960250676375,1331.6957485332564,1363.1531284198686,3065600.0,1,1,0,0,0.6808
2021-09-16,ISAT.JK,1494.2255859375,1525.682966694079,1468.0111019736842,1468.0111019736842,21141600.0,7,5,0,2,0.2238
2021-09-17,ISAT.JK,1447.0394287109375,1609.569219616876,1420.824946306754,1583.3547372126925,67453600.0,4,2,1,1,-0.083775
2021-10-29,ISAT.JK,1452.282470703125,1499.4685437584612,1447.0395736969765,1488.9827497461642,16615600.0,1,1,0,0,0.2732
2021-11-10,ISAT.JK,1468.010986328125,1499.4683646065848,1457.5251935686383,1488.9825718470984,10281200.0,1,1,0,0,0.8208
2021-11-18,ISAT.JK,1426.06787109375,1457.525250603171,1384.124698414522,1447.039457433364,24426400.0,1,0,1,0,-0.6486
2021-11-19,ISAT.JK,1447.0394287109375,1452.282325191774,1405.0962568642435,1405.0962568642435,13399200.0,1,1,0,0,0.6124
2021-11-26,ISAT.JK,1551.8973388671875,1614.8120958482896,1509.9541675464527,1551.8973388671875,117840800.0,1,1,0,0,0.1134
2021-11-30,ISAT.JK,1709.184326171875,1730.1559129960697,1656.755359111388,1661.9982558174368,60419600.0,2,0,0,2,0.0
2021-12-02,ISAT.JK,1630.540771484375,1682.969735197699,1620.0549787417103,1646.2694605983722,38868400.0,1,1,0,0,0.1779
2021-12-03,ISAT.JK,1635.7838134765625,1661.998297666892,1614.8122261242988,1635.7838134765625,35639600.0,1,1,0,0,0.3642
2021-12-06,ISAT.JK,1698.698486328125,1698.698486328125,1646.2695207007137,1667.241106951678,89504000.0,1,1,0,0,0.5859
2021-12-07,ISAT.JK,1763.6693115234375,1763.6693115234375,1763.6693115234375,1763.6693115234375,3378400.0,2,1,1,0,0.0611
2021-12-08,ISAT.JK,1641.030029296875,1641.030029296875,1641.030029296875,1641.030029296875,6306400.0,1,0,1,0,-0.5106
2021-12-10,ISAT.JK,1459.9912109375,1530.0707890625,1436.6313515625,1530.0707890625,82935200.0,1,1,0,0,0.7906
2021-12-13,ISAT.JK,1483.3509521484375,1506.710809662586,1459.9910946342889,1459.9910946342889,33481600.0,1,0,0,1,0.0
2021-12-16,ISAT.JK,1424.951416015625,1465.831169753778,1401.5915567366803,1448.3112752945697,25968800.0,2,2,0,0,0.4008
2021-12-20,ISAT.JK,1384.071533203125,1419.111318853837,1384.071533203125,1407.4313903035998,15157200.0,1,0,0,1,0.0442
2021-12-30,ISAT.JK,1448.311279296875,1471.671138640373,1424.9514199533771,1459.991208968624,24475200.0,2,2,0,0,0.78615
2022-01-04,ISAT.JK,1459.9912109375,1512.55089453125,1436.6313515625,1500.87096484375,26790800.0,2,2,0,0,0.8128
2022-01-05,ISAT.JK,1436.63134765625,1483.3510662792175,1413.2714883447663,1471.6711366234756,23614000.0,2,1,0,1,0.33575
2022-01-06,ISAT.JK,1471.671142578125,1477.5111074296256,1430.7913886176216,1436.631353469122,15633200.0,1,1,0,0,0.5719
2022-01-10,ISAT.JK,1448.311279296875,1477.5111034762476,1436.6313496251262,1471.671138640373,17668000.0,1,0,0,1,0.0
2022-01-11,ISAT.JK,1389.91162109375,1465.8311634224003,1378.231691504727,1448.3112690388657,23289600.0,3,2,0,1,0.4930333333333334
2022-01-17,ISAT.JK,1389.91162109375,1424.9514098608197,1384.0716562992384,1419.111445066308,7635200.0,1,0,0,1,0.0
2022-01-20,ISAT.JK,1395.7515869140625,1401.5915517128662,1354.8718333224372,1354.8718333224372,8867600.0,1,1,0,0,0.6249
2022-05-09,ISAT.JK,1524.230712890625,1629.3500724003234,1524.230712890625,1629.3500724003234,23904000.0,1,1,0,0,0.6486
2022-05-11,ISAT.JK,1401.591552734375,1459.991200764974,1337.3519399007162,1401.591552734375,44423600.0,1,0,0,1,0.0
2022-05-12,ISAT.JK,1343.1917724609375,1413.27134319803,1337.3518082328465,1407.4313789699388,19607200.0,2,2,0,0,0.6242000000000001
2022-05-13,ISAT.JK,1378.2315673828125,1389.9114959199549,1290.6321033542438,1349.0317460399565,29394800.0,1,1,0,0,0.34
2022-06-03,ISAT.JK,1360.711669921875,1424.9512766563842,1337.351812927508,1366.5516341704667,51787200.0,2,2,0,0,0.68695
2022-06-08,ISAT.JK,1448.311279296875,1459.991208968624,1284.7922638923892,1284.7922638923892,71982000.0,1,0,1,0,-0.4767
2022-06-09,ISAT.JK,1500.870849609375,1553.43052916768,1407.4314192834995,1448.31117005107,101619600.0,1,1,0,0,0.3182
2022-06-28,ISAT.JK,1588.470458984375,1588.470458984375,1535.910774679745,1547.5907045252184,12922000.0,1,1,0,0,0.5574
2022-06-29,ISAT.JK,1576.79052734375,1600.1503870081017,1547.5907027633102,1588.470457175926,21687600.0,1,1,0,0,0.0516
2022-07-07,ISAT.JK,1506.7108154296875,1524.2307086323583,1471.671029024346,1489.1909222270167,14339600.0,2,2,0,0,0.3286
2022-07-13,ISAT.JK,1483.3509521484375,1518.3907384196605,1454.1511302557517,1518.3907384196605,18878400.0,1,1,0,0,0.4767
2022-07-14,ISAT.JK,1454.1512451171875,1489.191034156156,1442.4713154375313,1477.5111044764997,5210400.0,2,2,0,0,0.6819
2022-08-01,ISAT.JK,1582.6304931640625,1629.350212519459,1559.2706334863642,1559.2706334863642,50600000.0,3,3,0,0,0.4764
2022-08-19,ISAT.JK,1757.829345703125,1757.829345703125,1722.7895580811355,1751.9893810994602,32167600.0,1,1,0,0,0.3612
2022-08-23,ISAT.JK,1693.5897216796875,1711.109615352236,1681.9097925646552,1681.9097925646552,29967200.0,1,1,0,0,0.9118
2022-08-29,ISAT.JK,1693.5362548828125,1741.9230050223214,1645.1495047433036,1681.4395673479353,13038800.0,1,1,0,0,0.8473
2022-09-01,ISAT.JK,1723.7779541015625,1790.3097347861842,1705.6329230057568,1790.3097347861842,5313600.0,1,1,0,0,0.5994
2022-09-12,ISAT.JK,1741.9229736328125,1760.0680046081543,1717.7295989990234,1735.8746299743652,76224400.0,1,1,0,0,0.1531
2022-09-21,ISAT.JK,1675.3912353515625,1705.6329544012297,1669.3428915416291,1705.6329544012297,11417200.0,1,1,0,0,0.765
2022-09-26,ISAT.JK,1808.4547119140625,1808.4547119140625,1741.922933214883,1778.2129943235263,22383200.0,1,1,0,0,0.34
2022-09-27,ISAT.JK,1802.4063720703125,1856.841463844248,1784.2613414790007,1808.4547156007493,36380400.0,1,1,0,0,0.617
2022-10-07,ISAT.JK,1651.1978759765625,1711.6813146570228,1645.1495321085165,1711.6813146570228,20137200.0,2,2,0,0,0.2446
2022-10-10,ISAT.JK,1657.2462158203125,1687.4879350871065,1614.907808846801,1651.1978719669537,22636000.0,2,1,0,1,0.3548
2022-10-12,ISAT.JK,1663.2945556640625,1675.3912433416192,1590.7144295987216,1663.2945556640625,16447200.0,2,2,0,0,0.4396
2022-10-13,ISAT.JK,1596.7626953125,1669.3428178267045,1596.7626953125,1663.2944742838542,10910800.0,1,0,0,1,0.0
2022-10-26,ISAT.JK,1554.42431640625,1633.052783773103,1548.375972762646,1608.8594091986868,10831600.0,2,2,0,0,0.4939
2022-10-31,ISAT.JK,1639.1011962890625,1663.294571880045,1548.3760378228783,1548.3760378228783,35846800.0,5,4,0,1,0.5097400000000001
2022-11-04,ISAT.JK,1620.9560546875,1651.1977721256997,1602.8110242245805,1651.1977721256997,4835200.0,1,0,0,1,0.0
2022-11-18,ISAT.JK,1524.1826171875,1542.327648344494,1512.085929749504,1530.230960906498,10774000.0,2,0,0,2,0.0
2022-11-29,ISAT.JK,1433.4573974609375,1457.6507712577466,1427.4090540117354,1439.5057409101398,7079600.0,1,1,0,0,0.8316
2022-12-16,ISAT.JK,1354.8289794921875,1379.0223541259766,1282.2488555908203,1300.393886566162,23806400.0,3,2,0,1,0.5848333333333333
2022-12-26,ISAT.JK,1481.84423828125,1493.9409259406889,1433.457487643495,1451.602519132653,10644000.0,2,1,0,1,0.1909
2023-01-02,ISAT.JK,1457.65087890625,1499.9892861773858,1451.6025350103737,1493.9409422815093,3468000.0,2,2,0,0,0.5517
2023-01-04,ISAT.JK,1512.0859375,1554.42434375,1493.94090625,1554.42434375,9226000.0,2,2,0,0,0.6001
2023-01-11,ISAT.JK,1457.65087890625,1506.0376300732626,1457.65087890625,1475.7959105938796,7310000.0,2,2,0,0,0.526
2023-02-13,ISAT.JK,1493.94091796875,1524.1826369559717,1403.215761007085,1433.4574799943066,166155200.0,1,0,1,0,-0.2023
2023-02-14,ISAT.JK,1524.1826171875,1542.327648344494,1463.69917999752,1499.989242311508,75351600.0,1,1,0,0,0.6369
2023-02-16,ISAT.JK,1548.3759765625,1554.4243202209473,1499.989227294922,1499.989227294922,89320000.0,1,0,1,0,-0.1779
2023-02-20,ISAT.JK,1651.1978759765625,1681.4395953167927,1572.5694056919644,1578.6177495600105,56632800.0,1,1,0,0,0.9686
2023-02-21,ISAT.JK,1645.1495361328125,1693.5362871955422,1614.9078167186062,1669.342911664177,37992800.0,1,1,0,0,0.8834
2023-03-01,ISAT.JK,1651.1978759765625,1675.3912514487467,1633.0528443724245,1639.1011882404705,10960800.0,1,1,0,0,0.3818
2023-05-16,ISAT.JK,1796.3580322265625,1850.793124112216,1784.2613451408615,1850.793124112216,45058800.0,1,1,0,0,0.5423
2023-05-19,ISAT.JK,1887.083251953125,1893.131595709385,1838.696501903045,1838.696501903045,27738800.0,1,1,0,0,0.9136
2023-05-26,ISAT.JK,1962.5,1981.25,1900.0,1943.75,3894800.0,1,1,0,0,0.5106
2023-05-29,ISAT.JK,2006.25,2037.5,1962.5,1962.5,22658000.0,1,1,0,0,0.4939
2023-06-08,ISAT.JK,2175.0,2212.5,2162.5,2193.75,39594800.0,1,0,0,1,0.0
2023-06-27,ISAT.JK,2156.25,2206.25,2143.75,2193.75,11577600.0,1,1,0,0,0.8402
2023-07-06,ISAT.JK,2262.5,2312.5,2212.5,2243.75,31700400.0,1,0,0,1,0.0
2023-07-20,ISAT.JK,2243.75,2262.5,2218.75,2218.75,14176000.0,1,1,0,0,0.1779
2023-07-27,ISAT.JK,2187.5,2225.0,2143.75,2150.0,19578800.0,1,1,0,0,0.7717
2023-07-31,ISAT.JK,2300.0,2412.5,2256.25,2256.25,31442800.0,1,1,0,0,0.6369
2023-08-09,ISAT.JK,2337.5,2393.75,2250.0,2250.0,31609600.0,1,1,0,0,0.7783
2023-09-08,ISAT.JK,2462.5,2475.0,2406.25,2437.5,16149200.0,1,1,0,0,0.872
2023-09-22,ISAT.JK,2493.75,2537.5,2437.5,2437.5,8039200.0,1,1,0,0,0.8807
2023-10-02,ISAT.JK,2575.0,2587.5,2456.25,2456.25,13503600.0,1,0,0,1,0.0
2023-10-03,ISAT.JK,2600.0,2687.5,2550.0,2575.0,25022400.0,2,0,2,0,-0.2549
2023-10-13,ISAT.JK,2631.25,2675.0,2600.0,2668.75,15772800.0,1,0,0,1,0.0
2023-10-19,ISAT.JK,2475.0,2531.25,2437.5,2500.0,23176400.0,1,1,0,0,0.296
2023-10-24,ISAT.JK,2406.25,2425.0,2375.0,2418.75,4611200.0,1,1,0,0,0.6808
2023-11-06,ISAT.JK,2381.25,2456.25,2318.75,2325.0,18435200.0,1,0,1,0,-0.3612
2023-11-15,ISAT.JK,2368.75,2400.0,2325.0,2325.0,7030800.0,1,1,0,0,0.2263
2023-11-20,ISAT.JK,2275.0,2293.75,2256.25,2287.5,11031600.0,1,1,0,0,0.6921
2023-11-21,ISAT.JK,2287.5,2293.75,2256.25,2275.0,10238800.0,2,1,0,1,0.312
2023-11-23,ISAT.JK,2318.75,2331.25,2281.25,2287.5,8320400.0,1,0,0,1,0.0
2023-11-30,ISAT.JK,2381.25,2400.0,2337.5,2381.25,9193600.0,1,1,0,0,0.802
2024-01-11,ISAT.JK,2406.25,2425.0,2375.0,2400.0,12761600.0,1,0,0,1,0.0
2024-01-23,ISAT.JK,2462.5,2493.75,2425.0,2437.5,16462000.0,1,0,0,1,0.0
2024-01-24,ISAT.JK,2487.5,2500.0,2468.75,2468.75,7034400.0,1,1,0,0,0.9413
2024-02-02,ISAT.JK,2406.25,2425.0,2368.75,2393.75,4478000.0,1,0,0,1,0.0
2024-02-16,ISAT.JK,2450.0,2506.25,2437.5,2500.0,9950800.0,1,1,0,0,0.4215
2024-02-20,ISAT.JK,2412.5,2431.25,2393.75,2393.75,9032800.0,1,0,1,0,-0.3612
2024-02-22,ISAT.JK,2668.75,2675.0,2468.75,2468.75,89994000.0,2,1,0,1,0.27115
2024-02-29,ISAT.JK,2856.25,3062.5,2793.75,2793.75,70053600.0,1,1,0,0,0.4215
2024-03-04,ISAT.JK,2900.0,2968.75,2843.75,2875.0,31699600.0,2,1,0,1,0.08895
2024-03-25,ISAT.JK,2906.25,2925.0,2868.75,2925.0,12998000.0,1,0,0,1,0.0258
2024-03-26,ISAT.JK,2925.0,2975.0,2881.25,2975.0,17151600.0,1,0,0,1,0.0258
2024-03-27,ISAT.JK,2812.5,2931.25,2687.5,2925.0,110243600.0,1,0,0,1,0.0258
2024-03-28,ISAT.JK,2793.75,2875.0,2750.0,2818.75,16480800.0,3,1,1,1,0.0674
2024-04-01,ISAT.JK,2768.75,2818.75,2718.75,2793.75,16538000.0,1,0,0,1,0.0258
2024-04-02,ISAT.JK,2725.0,2768.75,2675.0,2768.75,31583200.0,1,0,0,1,0.0258
2024-04-03,ISAT.JK,2725.0,2750.0,2700.0,2725.0,23298800.0,1,0,0,1,0.0258
2024-04-04,ISAT.JK,2768.75,2812.5,2718.75,2750.0,14310800.0,2,0,0,2,0.0129
2024-04-05,ISAT.JK,2812.5,2837.5,2737.5,2775.0,13042800.0,1,0,0,1,0.0258
2024-04-16,ISAT.JK,2725.0,2825.0,2581.25,2775.0,39231200.0,1,0,0,1,0.0258
2024-04-17,ISAT.JK,2650.0,2737.5,2637.5,2737.5,21334000.0,1,0,0,1,0.0258
2024-04-18,ISAT.JK,2675.0,2712.5,2562.5,2650.0,26596800.0,1,0,0,1,0.0258
2024-04-19,ISAT.JK,2650.0,2700.0,2587.5,2675.0,19945200.0,1,0,0,1,0.0258
2024-04-22,ISAT.JK,2575.0,2687.5,2575.0,2650.0,21095200.0,1,0,0,1,0.0258
2024-04-23,ISAT.JK,2725.0,2750.0,2556.25,2562.5,20426000.0,1,0,0,1,0.0258
2024-04-24,ISAT.JK,2781.25,2812.5,2681.25,2743.75,18217600.0,2,0,0,2,0.0129
2024-04-25,ISAT.JK,2800.0,2837.5,2731.25,2781.25,26966000.0,7,3,2,2,0.2028142857142857
2024-04-26,ISAT.JK,2775.0,2818.75,2750.0,2800.0,10191200.0,2,0,1,1,-0.2658
2024-04-29,ISAT.JK,2800.0,2812.5,2712.5,2781.25,17820400.0,1,1,0,0,0.1531
2024-04-30,ISAT.JK,2750.0,2850.0,2750.0,2825.0,16724000.0,1,0,0,1,0.0258
2024-05-02,ISAT.JK,2725.0,2750.0,2662.5,2750.0,21053200.0,1,0,0,1,0.0258
2024-05-03,ISAT.JK,2656.25,2725.0,2625.0,2725.0,15122800.0,1,0,0,1,0.0258
2024-05-06,ISAT.JK,2681.25,2706.25,2618.75,2631.25,11666400.0,1,0,0,1,0.0258
2024-05-07,ISAT.JK,2625.0,2700.0,2612.5,2687.5,20543600.0,1,0,0,1,0.0258
2024-05-08,ISAT.JK,2625.0,2662.5,2600.0,2625.0,11873600.0,1,0,0,1,0.0258
2024-05-13,ISAT.JK,2656.25,2693.75,2625.0,2637.5,20253600.0,1,0,0,1,0.0258
2024-05-14,ISAT.JK,2725.0,2781.25,2625.0,2693.75,22175200.0,1,0,0,1,0.0258
2024-05-15,ISAT.JK,2700.0,2750.0,2650.0,2700.0,15148800.0,1,0,0,1,0.0258
2024-05-16,ISAT.JK,2712.5,2750.0,2681.25,2700.0,10672800.0,1,1,0,0,0.3182
2024-05-17,ISAT.JK,2693.75,2725.0,2656.25,2675.0,10334800.0,1,0,0,1,0.0258
2024-05-20,ISAT.JK,2600.0,2718.75,2581.25,2712.5,13949200.0,1,0,0,1,0.0258
2024-05-28,ISAT.JK,2625.0,2700.0,2425.0,2425.0,25319600.0,2,2,0,0,0.4404
2024-06-03,ISAT.JK,2550.0,2550.0,2462.5,2518.75,5300400.0,1,1,0,0,0.25
2024-06-04,ISAT.JK,2593.75,2675.0,2550.0,2562.5,15049600.0,1,0,0,1,0.0
2024-07-10,ISAT.JK,2750.0,2781.25,2637.5,2650.0,16261600.0,1,0,0,1,0.0
2024-07-11,ISAT.JK,2875.0,2906.25,2750.0,2750.0,28732800.0,1,0,0,1,0.0
2024-07-31,ISAT.JK,2775.0,2887.5,2762.5,2875.0,19299600.0,1,1,0,0,0.296
2024-08-06,ISAT.JK,2650.0,2650.0,2537.5,2581.25,17120000.0,1,1,0,0,0.0772
2024-08-08,ISAT.JK,2581.25,2718.75,2581.25,2712.5,9983200.0,2,1,0,1,0.3454
2024-08-12,ISAT.JK,2668.75,2787.5,2581.25,2600.0,41574400.0,1,0,1,0,-0.296
2024-08-14,ISAT.JK,2887.5,2887.5,2712.5,2756.25,28512400.0,2,1,0,1,0.24695
2024-08-20,ISAT.JK,2800.0,2800.0,2750.0,2762.5,9990400.0,1,1,0,0,0.4215
2024-08-21,ISAT.JK,2737.5,2806.25,2737.5,2800.0,11530800.0,1,1,0,0,0.6597
2024-08-23,ISAT.JK,2650.0,2668.75,2631.25,2650.0,14663600.0,1,0,1,0,-0.0679
2024-09-06,ISAT.JK,2725.0,2800.0,2700.0,2756.25,25890400.0,1,0,1,0,-0.1027
2024-09-25,ISAT.JK,2768.75,2781.25,2712.5,2762.5,9634400.0,1,1,0,0,0.5859
2024-10-03,ISAT.JK,2637.5,2650.0,2600.0,2637.5,10603200.0,1,1,0,0,0.4215
2024-10-10,ISAT.JK,2550.0,2593.75,2450.0,2500.0,69296800.0,1,0,0,1,0.0
2024-10-14,ISAT.JK,2540.0,2650.0,2510.0,2650.0,14415000.0,1,0,0,1,0.0
2024-11-01,ISAT.JK,2430.0,2500.0,2380.0,2500.0,14181400.0,1,0,0,1,0.0
2024-11-05,ISAT.JK,2390.0,2430.0,2350.0,2400.0,8962300.0,1,0,0,1,0.0
2024-11-08,ISAT.JK,2180.0,2310.0,2160.0,2300.0,35673900.0,1,0,0,1,0.0
2024-11-15,ISAT.JK,2260.0,2270.0,2180.0,2260.0,12441600.0,1,0,0,1,0.0
2024-11-19,ISAT.JK,2450.0,2480.0,2250.0,2260.0,50132200.0,2,2,0,0,0.51315
2024-11-22,ISAT.JK,2440.0,2520.0,2430.0,2500.0,13809600.0,2,1,1,0,0.1442
2024-12-11,ISAT.JK,2480.0,2540.0,2450.0,2470.0,14307400.0,3,2,0,1,0.3455333333333333
2024-12-12,ISAT.JK,2520.0,2550.0,2450.0,2480.0,12749200.0,1,0,1,0,-0.765
2025-01-10,ISAT.JK,2380.0,2410.0,2380.0,2410.0,2506400.0,1,1,0,0,0.296
2025-01-13,ISAT.JK,2390.0,2390.0,2340.0,2380.0,3847600.0,1,1,0,0,0.5267
2025-01-14,ISAT.JK,2360.0,2410.0,2360.0,2410.0,3118000.0,1,0,1,0,-0.5574
2025-01-21,ISAT.JK,2290.0,2310.0,2260.0,2260.0,5291400.0,2,2,0,0,0.4339499999999999
2025-02-10,ISAT.JK,1920.0,2230.0,1905.0,2220.0,32268900.0,6,4,2,0,0.1706
2025-02-11,ISAT.JK,1625.0,1920.0,1580.0,1920.0,128399400.0,6,5,1,0,0.2761666666666666
2025-02-12,ISAT.JK,1740.0,1760.0,1610.0,1635.0,56036000.0,3,2,0,1,0.3752
2025-02-20,ISAT.JK,1755.0,1850.0,1700.0,1700.0,57943700.0,1,1,0,0,0.3612
2025-03-12,ISAT.JK,1530.0,1545.0,1505.0,1515.0,16425300.0,1,1,0,0,0.5574
2025-03-13,ISAT.JK,1530.0,1555.0,1515.0,1545.0,13951300.0,2,1,1,0,0.05685
2025-03-17,ISAT.JK,1595.0,1605.0,1565.0,1575.0,16203100.0,1,1,0,0,0.34
2025-03-21,ISAT.JK,1335.0,1425.0,1330.0,1415.0,44726500.0,2,1,0,1,0.1591
2025-03-24,ISAT.JK,1415.0,1415.0,1310.0,1335.0,40493200.0,1,0,0,1,0.0
2025-05-02,ISAT.JK,1819.3804321289065,1862.584716796875,1756.9742431640625,1814.5799560546875,79438300.0,4,2,0,2,0.1895
2025-05-09,ISAT.JK,1790.5775756835938,1824.180908203125,1718.5704345703125,1747.373291015625,26088800.0,1,1,0,0,0.5719
2025-05-21,ISAT.JK,1977.796142578125,2054.603759765625,1958.59423828125,2016.199951171875,23125400.0,1,0,1,0,-0.1027
2025-05-27,ISAT.JK,2035.401975835756,2112.209597565407,2025.8010231195492,2064.204833984375,15258300.0,1,0,0,1,0.0
2025-06-03,ISAT.JK,1958.59423828125,1996.998046875,1929.7913818359373,1996.998046875,17367600.0,1,1,0,0,0.6705
2025-06-05,ISAT.JK,1987.3970947265625,2006.5989990234373,1948.9932861328125,1996.998046875,8142900.0,1,0,0,1,0.0
2025-06-11,ISAT.JK,2035.40185546875,2045.0028076171875,1987.3970947265625,2016.199951171875,9833800.0,2,2,0,0,0.6027
2025-06-12,ISAT.JK,2030.0,2120.0,2010.0,2060.0,13853400.0,1,0,0,1,0.0
2025-06-13,ISAT.JK,2070.0,2110.0,2070.0,2090.0,16283400.0,1,1,0,0,0.6597
2025-07-01,ISAT.JK,2130.0,2150.0,2100.0,2100.0,3308500.0,1,1,0,0,0.1779
2025-07-02,ISAT.JK,2120.0,2170.0,2090.0,2120.0,14476600.0,1,1,0,0,0.4019
2025-07-08,ISAT.JK,2100.0,2120.0,2080.0,2110.0,7519700.0,3,3,0,0,0.347
2019-10-10,MDKA.JK,1239.0135498046875,1302.4276123046875,1239.0135498046875,1263.403564453125,144171103.0,1,0,1,0,-0.0772
2019-12-04,MDKA.JK,1156.08740234375,1156.08740234375,1117.0633544921875,1121.94140625,64423558.0,1,0,0,1,0.0
2020-01-20,MDKA.JK,1170.721435546875,1185.35546875,1160.9654541015625,1175.5994873046875,84226424.0,1,1,0,0,0.4767
2020-02-27,MDKA.JK,1326.817626953125,1336.5736083984375,1268.281494140625,1273.1595458984375,114766362.0,2,2,0,0,0.34895
2020-02-28,MDKA.JK,1273.1595458984375,1326.817626953125,1151.2093505859375,1326.817626953125,91830351.0,1,1,0,0,0.1531
2020-03-04,MDKA.JK,1248.76953125,1273.1595458984375,1234.135498046875,1258.5255126953125,109763088.0,1,0,0,1,0.0
2020-03-06,MDKA.JK,1263.403564453125,1292.671630859375,1253.6475830078125,1268.281494140625,89254503.0,1,1,0,0,0.3818
2020-03-10,MDKA.JK,1190.2333984375,1224.3795166015625,1180.4774169921875,1214.62353515625,53499319.0,1,0,0,1,0.0
2020-03-13,MDKA.JK,1097.5513916015625,1097.5513916015625,1024.3812255859375,1024.3812255859375,100314555.0,1,1,0,0,0.7717
2020-03-16,MDKA.JK,1097.5513916015625,1141.453369140625,1063.4052734375,1063.4052734375,291539107.0,1,1,0,0,0.2484
2020-03-24,MDKA.JK,936.5771484375,956.0891723632812,868.2850341796875,897.5531005859375,50989482.0,1,1,0,0,0.4019
2020-04-07,MDKA.JK,1209.7454833984375,1229.2574462890625,1092.67333984375,1092.67333984375,219687001.0,3,2,0,1,0.3308333333333333
2020-04-14,MDKA.JK,1273.1595458984375,1287.7935791015625,1239.0135498046875,1248.76953125,142576804.0,1,1,0,0,0.7003
2020-04-16,MDKA.JK,1248.76953125,1268.281494140625,1219.50146484375,1253.6475830078125,89106902.0,1,1,0,0,0.8777
2020-04-20,MDKA.JK,1239.0135498046875,1258.5255126953125,1199.989501953125,1229.2574462890625,88999173.0,1,1,0,0,0.128
2020-05-14,MDKA.JK,1199.989501953125,1219.50146484375,1151.2093505859375,1151.2093505859375,55437714.0,1,0,0,1,0.0258
2020-05-18,MDKA.JK,1360.963623046875,1360.963623046875,1287.7935791015625,1287.7935791015625,131695616.0,2,1,1,0,-0.32435
2020-05-28,MDKA.JK,1219.50146484375,1248.76953125,1185.35546875,1248.76953125,52287041.0,1,1,0,0,0.5267
2020-06-03,MDKA.JK,1317.0616455078125,1331.6956787109375,1268.281494140625,1326.817626953125,58824139.0,1,0,1,0,-0.3612
2020-06-15,MDKA.JK,1219.50146484375,1282.91552734375,1204.867431640625,1278.03759765625,60654600.0,1,0,0,1,0.0
2020-06-22,MDKA.JK,1331.6956787109375,1336.5736083984375,1253.6475830078125,1263.403564453125,108295480.0,3,3,0,0,0.3763
2020-06-23,MDKA.JK,1331.6956787109375,1375.59765625,1326.817626953125,1331.6956787109375,120392124.0,1,1,0,0,0.6249
2020-06-24,MDKA.JK,1331.6956787109375,1365.8416748046875,1326.817626953125,1346.32958984375,81302586.0,1,1,0,0,0.2023
2020-07-01,MDKA.JK,1351.2076416015625,1365.8416748046875,1326.817626953125,1341.45166015625,61270630.0,2,1,0,1,0.2013
2020-07-08,MDKA.JK,1414.6217041015625,1414.6217041015625,1346.32958984375,1356.085693359375,235834378.0,1,1,0,0,0.8143
2020-07-09,MDKA.JK,1497.5478515625,1517.059814453125,1424.377685546875,1429.2557373046875,250272449.0,2,1,0,1,0.148
2020-07-13,MDKA.JK,1492.6697998046875,1492.6697998046875,1434.1337890625,1458.5238037109375,113193793.0,2,1,1,0,0.22805
2020-07-14,MDKA.JK,1473.1578369140625,1502.42578125,1458.5238037109375,1492.6697998046875,61500642.0,1,0,1,0,-0.128
2020-07-20,MDKA.JK,1439.01171875,1478.0357666015625,1434.1337890625,1453.645751953125,41301610.0,1,1,0,0,0.4144
2020-07-21,MDKA.JK,1570.7178955078125,1682.912109375,1443.8897705078125,1443.8897705078125,164785674.0,2,2,0,0,0.34135
2020-07-22,MDKA.JK,1590.22998046875,1658.52197265625,1556.0838623046875,1609.741943359375,110086376.0,2,1,1,0,-0.12315
2020-07-23,MDKA.JK,1668.278076171875,1765.838134765625,1595.10791015625,1604.864013671875,183664290.0,1,0,0,1,0.0
2020-07-24,MDKA.JK,1673.156005859375,1736.570068359375,1643.8880615234375,1692.6680908203125,91203865.0,4,2,0,2,0.388825
2020-07-27,MDKA.JK,1814.6181640625,1907.30029296875,1712.1800537109375,1726.8140869140625,324841547.0,7,6,0,1,0.4410857142857143
2020-07-28,MDKA.JK,1765.838134765625,1917.056396484375,1717.05810546875,1873.154296875,214633399.0,3,2,0,1,0.5455333333333333
2020-07-29,MDKA.JK,1756.0821533203125,1814.6181640625,1741.4481201171875,1775.5941162109375,70963525.0,1,1,0,0,0.6808
2020-07-30,MDKA.JK,1746.326171875,1790.2281494140625,1717.05810546875,1760.960205078125,120498110.0,1,1,0,0,0.296
2020-08-03,MDKA.JK,1702.424072265625,1795.106201171875,1648.7659912109375,1785.3502197265625,85005533.0,1,1,0,0,0.5859
2020-08-04,MDKA.JK,1765.838134765625,1770.7161865234375,1702.424072265625,1707.3021240234375,114332373.0,3,1,1,1,0.0718333333333333
2020-08-06,MDKA.JK,1970.71435546875,2009.7384033203125,1902.42236328125,1907.30029296875,199271794.0,2,1,0,1,0.0258
2020-08-07,MDKA.JK,1999.982421875,2068.2744140625,1960.9583740234373,1990.2264404296875,144224198.0,2,2,0,0,0.45235
2020-08-10,MDKA.JK,1931.6903076171875,2009.7384033203125,1897.5443115234373,2009.7384033203125,79889918.0,2,0,2,0,-0.15105
2020-08-11,MDKA.JK,1868.2762451171875,1921.934326171875,1829.252197265625,1921.934326171875,138484660.0,3,2,1,0,0.1351333333333333
2020-08-12,MDKA.JK,1765.838134765625,1843.88623046875,1741.4481201171875,1843.88623046875,274330026.0,3,1,1,1,-0.2484666666666666
2020-08-14,MDKA.JK,1765.838134765625,1799.9842529296875,1731.692138671875,1731.692138671875,163978582.0,2,1,1,0,-0.2286999999999999
2020-08-18,MDKA.JK,1824.374267578125,1868.2762451171875,1799.9842529296875,1804.8621826171875,200228845.0,4,3,1,0,0.213225
2020-08-19,MDKA.JK,1780.47216796875,1858.520263671875,1775.5941162109375,1853.6422119140625,115039117.0,1,0,0,1,0.0
2020-08-31,MDKA.JK,1697.5460205078125,1736.570068359375,1682.912109375,1712.1800537109375,107058705.0,1,1,0,0,0.3818
2020-09-01,MDKA.JK,1770.7161865234375,1770.7161865234375,1692.6680908203125,1697.5460205078125,189070187.0,2,0,0,2,0.0
2020-09-02,MDKA.JK,1736.570068359375,1785.3502197265625,1721.9361572265625,1770.7161865234375,113981000.0,1,1,0,0,0.5574
2020-09-10,MDKA.JK,1531.69384765625,1629.2540283203125,1521.9378662109375,1619.4979248046875,81492623.0,1,1,0,0,0.3818
2020-09-11,MDKA.JK,1590.22998046875,1614.6199951171875,1468.27978515625,1502.42578125,130507323.0,1,1,0,0,0.7783
2020-09-16,MDKA.JK,1492.6697998046875,1536.5718994140625,1492.6697998046875,1512.181884765625,144164748.0,2,2,0,0,0.11865
2020-09-28,MDKA.JK,1575.595947265625,1595.10791015625,1502.42578125,1521.9378662109375,132227698.0,1,1,0,0,0.5719
2020-09-30,MDKA.JK,1575.595947265625,1604.864013671875,1556.0838623046875,1595.10791015625,61663926.0,1,1,0,0,0.4939
2020-10-02,MDKA.JK,1648.7659912109375,1682.912109375,1560.9619140625,1590.22998046875,165083336.0,2,0,0,2,0.0
2020-10-07,MDKA.JK,1673.156005859375,1682.912109375,1599.9859619140625,1609.741943359375,107449130.0,1,1,0,0,0.128
2020-10-08,MDKA.JK,1702.424072265625,1707.3021240234375,1668.278076171875,1673.156005859375,81035469.0,1,0,0,1,0.0
2020-10-09,MDKA.JK,1726.8140869140625,1731.692138671875,1697.5460205078125,1702.424072265625,88864487.0,3,1,0,2,0.1204
2020-10-12,MDKA.JK,1746.326171875,1765.838134765625,1731.692138671875,1756.0821533203125,119179846.0,4,1,0,3,0.1796
2020-11-10,MDKA.JK,1804.8621826171875,1853.6422119140625,1785.3502197265625,1785.3502197265625,187869492.0,1,1,0,0,0.3182
2020-11-11,MDKA.JK,1785.3502197265625,1858.520263671875,1775.5941162109375,1858.520263671875,127834407.0,2,1,0,1,0.2997
2020-11-13,MDKA.JK,1770.7161865234375,1785.3502197265625,1731.692138671875,1731.692138671875,120598868.0,1,0,0,1,0.0
2020-11-16,MDKA.JK,1814.6181640625,1824.374267578125,1790.2281494140625,1804.8621826171875,144788978.0,2,1,1,0,-0.0245999999999999
2020-11-17,MDKA.JK,1839.00830078125,1873.154296875,1814.6181640625,1819.4962158203125,161595538.0,1,0,1,0,-0.128
2020-11-27,MDKA.JK,1917.056396484375,1926.8123779296875,1853.6422119140625,1858.520263671875,197726901.0,2,1,0,1,0.42775
2020-11-30,MDKA.JK,1892.666259765625,1960.9583740234373,1853.6422119140625,1902.42236328125,1102009111.0,3,0,2,1,-0.1946999999999999
2020-12-01,MDKA.JK,1814.6181640625,1912.1783447265625,1790.2281494140625,1907.30029296875,76691173.0,1,1,0,0,0.34
2020-12-02,MDKA.JK,1912.1783447265625,1917.056396484375,1839.00830078125,1853.6422119140625,141167622.0,2,1,1,0,0.0
2020-12-03,MDKA.JK,1946.3243408203125,1951.202392578125,1907.30029296875,1941.4464111328125,138014694.0,1,0,0,1,0.0
2020-12-04,MDKA.JK,1951.202392578125,1960.9583740234373,1921.934326171875,1951.202392578125,62378255.0,1,1,0,0,0.6124
2020-12-16,MDKA.JK,2068.2744140625,2078.030517578125,1960.9583740234373,1980.470458984375,95169933.0,1,1,0,0,0.6808
2020-12-21,MDKA.JK,2702.415283203125,2712.17138671875,2234.126708984375,2234.126708984375,134948584.0,1,0,1,0,-0.2591
2020-12-22,MDKA.JK,2536.56298828125,2829.243408203125,2517.051025390625,2712.17138671875,99554819.0,1,1,0,0,0.5574
2020-12-23,MDKA.JK,2478.027099609375,2721.92724609375,2390.222900390625,2643.879150390625,97168905.0,2,2,0,0,0.4965
2020-12-29,MDKA.JK,2439.0029296875,2585.34326171875,2419.490966796875,2536.56298828125,56951140.0,3,3,0,0,0.4980333333333333
2020-12-30,MDKA.JK,2370.7109375,2565.8310546875,2351.198974609375,2439.0029296875,65049121.0,1,1,0,0,0.25
2021-01-04,MDKA.JK,2526.80712890625,2604.855224609375,2399.97900390625,2478.027099609375,76331907.0,2,2,0,0,0.2064
2021-01-05,MDKA.JK,2663.391357421875,2780.46337890625,2546.319091796875,2565.8310546875,123936913.0,2,2,0,0,0.42955
2021-01-06,MDKA.JK,2585.34326171875,2712.17138671875,2536.56298828125,2692.6591796875,67064801.0,1,0,1,0,-0.2263
2021-01-07,MDKA.JK,2575.587158203125,2624.3671875,2526.80712890625,2556.0751953125,40283161.0,1,1,0,0,0.4215
2021-01-11,MDKA.JK,2478.027099609375,2536.56298828125,2429.2470703125,2507.295166015625,91292221.0,1,0,1,0,-0.3612
2021-01-15,MDKA.JK,2487.782958984375,2536.56298828125,2399.97900390625,2409.73486328125,75772560.0,1,0,1,0,-0.1263
2021-01-21,MDKA.JK,2468.27099609375,2575.587158203125,2419.490966796875,2526.80712890625,48167632.0,2,0,0,2,0.0
2021-01-22,MDKA.JK,2360.954833984375,2487.782958984375,2331.686767578125,2468.27099609375,40243800.0,1,0,1,0,-0.25
2021-01-26,MDKA.JK,2429.2470703125,2487.782958984375,2351.198974609375,2370.7109375,66495203.0,3,1,1,1,0.0529666666666666
2021-01-29,MDKA.JK,2487.782958984375,2526.80712890625,2204.858642578125,2204.858642578125,153230850.0,2,0,0,2,0.0
2021-02-08,MDKA.JK,2448.759033203125,2468.27099609375,2399.97900390625,2439.0029296875,50478618.0,1,0,0,1,0.0
2021-02-10,MDKA.JK,2497.5390625,2556.0751953125,2458.514892578125,2487.782958984375,59337053.0,1,1,0,0,0.4019
2021-02-17,MDKA.JK,2497.5390625,2526.80712890625,2409.73486328125,2478.027099609375,83115007.0,1,0,0,1,0.0
2021-02-22,MDKA.JK,2760.951416015625,2926.803466796875,2634.123291015625,2663.391357421875,277840067.0,2,1,1,0,0.0849999999999999
2021-02-25,MDKA.JK,2663.391357421875,2673.147216796875,2565.8310546875,2663.391357421875,88041815.0,1,1,0,0,0.8658
2021-02-26,MDKA.JK,2760.951416015625,2760.951416015625,2546.319091796875,2585.34326171875,137155634.0,2,1,1,0,0.0317999999999999
2021-03-02,MDKA.JK,2604.855224609375,2741.439453125,2604.855224609375,2731.683349609375,82342765.0,2,1,0,1,0.26335
2021-03-03,MDKA.JK,2682.9033203125,2702.415283203125,2624.3671875,2624.3671875,100138869.0,1,0,0,1,0.0
2021-03-04,MDKA.JK,2556.0751953125,2682.9033203125,2517.051025390625,2624.3671875,81301868.0,1,1,0,0,0.0772
2021-03-18,MDKA.JK,2380.466796875,2409.73486328125,2360.954833984375,2390.222900390625,61134714.0,1,0,0,1,0.0
2021-03-23,MDKA.JK,2282.90673828125,2360.954833984375,2253.638671875,2341.44287109375,56090337.0,1,0,0,1,0.0
2021-03-31,MDKA.JK,2097.54248046875,2175.590576171875,2078.030517578125,2107.298583984375,102415311.0,1,1,0,0,0.1779
2021-04-09,MDKA.JK,2126.810546875,2282.90673828125,2107.298583984375,2243.8828125,48174192.0,1,1,0,0,0.1531
2021-04-13,MDKA.JK,2087.78662109375,2126.810546875,2039.0064697265625,2126.810546875,40304891.0,1,1,0,0,0.4215
2021-04-16,MDKA.JK,2370.7109375,2370.7109375,2165.834716796875,2165.834716796875,145046461.0,1,1,0,0,0.3612
2021-04-26,MDKA.JK,2282.90673828125,2321.930908203125,2214.61474609375,2224.37060546875,84308732.0,1,0,0,1,0.0
2021-04-29,MDKA.JK,2497.5390625,2517.051025390625,2380.466796875,2390.222900390625,133455351.0,1,1,0,0,0.6808
2021-05-06,MDKA.JK,2536.56298828125,2565.8310546875,2487.782958984375,2507.295166015625,64620769.0,1,0,0,1,0.0
2021-05-10,MDKA.JK,2702.415283203125,2731.683349609375,2634.123291015625,2663.391357421875,150454511.0,1,0,0,1,0.0
2021-05-17,MDKA.JK,2526.80712890625,2673.147216796875,2487.782958984375,2663.391357421875,75750010.0,2,1,0,1,0.1806
2021-05-31,MDKA.JK,2634.123291015625,2663.391357421875,2487.782958984375,2497.5390625,121393558.0,1,1,0,0,0.3612
2021-06-09,MDKA.JK,2780.46337890625,2809.7314453125,2585.34326171875,2614.611083984375,113574892.0,2,1,1,0,0.2234
2021-06-10,MDKA.JK,2751.1953125,2790.219482421875,2653.63525390625,2780.46337890625,55714774.0,1,0,1,0,-0.34
2021-06-14,MDKA.JK,2780.46337890625,2829.243408203125,2692.6591796875,2712.17138671875,94269360.0,1,0,1,0,-0.6124
2021-06-15,MDKA.JK,2819.487548828125,2985.339599609375,2741.439453125,2780.46337890625,276908128.0,2,2,0,0,0.6167
2021-06-17,MDKA.JK,3004.8515625,3073.143798828125,2799.975341796875,2829.243408203125,225930433.0,2,0,0,2,0.0258
2021-06-18,MDKA.JK,2799.975341796875,2975.583740234375,2799.975341796875,2975.583740234375,206787160.0,1,1,0,0,0.4019
2021-06-29,MDKA.JK,2790.219482421875,2848.75537109375,2741.439453125,2790.219482421875,44740720.0,1,0,0,1,0.0
2021-07-13,MDKA.JK,2868.267578125,2985.339599609375,2829.243408203125,2887.779541015625,58935864.0,1,0,1,0,-0.7096
2021-07-19,MDKA.JK,2858.511474609375,2965.82763671875,2848.75537109375,2946.315673828125,30003960.0,1,1,0,0,0.3182
2021-07-27,MDKA.JK,2760.951416015625,2868.267578125,2751.1953125,2809.7314453125,26780922.0,1,0,1,0,-0.2023
2021-07-28,MDKA.JK,2809.7314453125,2819.487548828125,2770.707275390625,2780.46337890625,30940409.0,1,0,1,0,-0.6573
2021-07-30,MDKA.JK,2887.779541015625,2985.339599609375,2887.779541015625,2936.5595703125,56860426.0,1,0,1,0,-0.7269
2021-08-09,MDKA.JK,2556.0751953125,2614.611083984375,2487.782958984375,2614.611083984375,40137609.0,1,0,1,0,-0.6312
2021-08-12,MDKA.JK,2721.92724609375,2760.951416015625,2478.027099609375,2536.56298828125,100282165.0,3,1,0,2,0.0593
2021-08-13,MDKA.JK,2751.1953125,2780.46337890625,2692.6591796875,2751.1953125,60157983.0,1,0,1,0,-0.25
2021-08-23,MDKA.JK,2663.391357421875,2692.6591796875,2575.587158203125,2585.34326171875,53285502.0,1,0,0,1,0.0
2021-08-25,MDKA.JK,2634.123291015625,2653.63525390625,2575.587158203125,2585.34326171875,71614611.0,1,1,0,0,0.2023
2021-08-30,MDKA.JK,2741.439453125,2760.951416015625,2643.879150390625,2653.63525390625,64701438.0,1,1,0,0,0.4805
2021-09-09,MDKA.JK,2702.415283203125,2702.415283203125,2604.855224609375,2663.391357421875,51314513.0,1,0,0,1,0.0
2021-09-16,MDKA.JK,2643.879150390625,2692.6591796875,2634.123291015625,2673.147216796875,32847950.0,1,1,0,0,0.1531
2021-09-20,MDKA.JK,2643.879150390625,2663.391357421875,2604.855224609375,2653.63525390625,45784384.0,2,1,0,1,0.1366
2021-09-24,MDKA.JK,2585.34326171875,2614.611083984375,2565.8310546875,2575.587158203125,68913815.0,1,0,0,1,0.0
2021-10-04,MDKA.JK,2741.439453125,2770.707275390625,2429.2470703125,2429.2470703125,110567823.0,4,2,0,2,0.2202
2021-10-05,MDKA.JK,2565.8310546875,2751.1953125,2556.0751953125,2741.439453125,95316509.0,1,1,0,0,0.7351
2021-10-11,MDKA.JK,3014.607666015625,3024.36376953125,2692.6591796875,2692.6591796875,179913167.0,1,1,0,0,0.4588
2021-10-15,MDKA.JK,3170.703857421875,3297.531982421875,3043.875732421875,3043.875732421875,139259875.0,2,1,0,1,0.13775
2021-10-22,MDKA.JK,3131.679931640625,3199.971923828125,3053.6318359375,3121.923828125,77864706.0,1,0,1,0,-0.128
2021-10-27,MDKA.JK,3160.94775390625,3219.48388671875,3082.899658203125,3102.411865234375,77248470.0,2,2,0,0,0.58725
2021-11-04,MDKA.JK,3034.11962890625,3102.411865234375,3014.607666015625,3092.65576171875,45441108.0,1,1,0,0,0.7579
2021-11-05,MDKA.JK,3014.607666015625,3073.143798828125,2995.095703125,3004.8515625,38715614.0,1,1,0,0,0.5106
2021-11-09,MDKA.JK,3170.703857421875,3209.72802734375,3073.143798828125,3073.143798828125,105352987.0,2,1,0,1,0.24695
2021-11-10,MDKA.JK,3199.971923828125,3248.751953125,3160.94775390625,3170.703857421875,78394225.0,1,1,0,0,0.7003
2021-11-12,MDKA.JK,3346.31201171875,3453.628173828125,3229.239990234375,3229.239990234375,106669509.0,1,1,0,0,0.836
2021-11-16,MDKA.JK,3414.604248046875,3414.604248046875,3219.48388671875,3297.531982421875,115241966.0,1,1,0,0,0.7184
2021-11-18,MDKA.JK,3365.82421875,3434.1162109375,3336.55615234375,3414.604248046875,59675716.0,1,0,0,1,0.0
2021-11-19,MDKA.JK,3619.48046875,3629.236328125,3336.55615234375,3336.55615234375,97077679.0,2,1,0,1,0.0258
2021-11-24,MDKA.JK,3531.67626953125,3599.968505859375,3502.408203125,3531.67626953125,58693040.0,1,1,0,0,0.343
2021-12-06,MDKA.JK,3570.700439453125,3619.48046875,3512.164306640625,3580.456298828125,81963819.0,2,1,1,0,-0.12455
2021-12-10,MDKA.JK,3609.724365234375,3775.57666015625,3570.700439453125,3775.57666015625,87171582.0,2,2,0,0,0.4316
2021-12-17,MDKA.JK,3609.724365234375,3687.7724609375,3609.724365234375,3658.50439453125,96695966.0,1,1,0,0,0.5423
2021-12-20,MDKA.JK,3697.528564453125,3717.04052734375,3590.21240234375,3619.48046875,56750955.0,1,0,0,1,0.0
2021-12-22,MDKA.JK,3775.57666015625,3843.86865234375,3726.796630859375,3726.796630859375,96515462.0,2,2,0,0,0.3485
2021-12-27,MDKA.JK,3873.13671875,3873.13671875,3746.30859375,3765.820556640625,59571268.0,1,0,0,1,0.0
2022-01-03,MDKA.JK,4038.989013671875,4038.989013671875,3785.33251953125,3795.088623046875,81706234.0,1,0,0,1,0.0
2022-01-05,MDKA.JK,3853.624755859375,3931.6728515625,3804.8447265625,3931.6728515625,67337248.0,1,0,0,1,0.0
2022-01-06,MDKA.JK,3863.380615234375,3892.648681640625,3775.57666015625,3824.356689453125,72213319.0,2,2,0,0,0.5559000000000001
2022-01-11,MDKA.JK,3804.8447265625,3843.86865234375,3775.57666015625,3824.356689453125,48774540.0,1,1,0,0,0.6361
2022-01-12,MDKA.JK,3804.8447265625,3951.184814453125,3756.064697265625,3834.11279296875,100227737.0,1,0,1,0,-0.2023
2022-01-13,MDKA.JK,3931.6728515625,3931.6728515625,3834.11279296875,3834.11279296875,75978792.0,1,1,0,0,0.34
2022-01-21,MDKA.JK,3863.380615234375,3902.40478515625,3765.820556640625,3775.57666015625,66715068.0,2,2,0,0,0.43095
2022-02-07,MDKA.JK,3551.188232421875,3609.724365234375,3531.67626953125,3531.67626953125,37879515.0,1,1,0,0,0.5106
2022-02-09,MDKA.JK,3512.164306640625,3531.67626953125,3443.872314453125,3512.164306640625,50743275.0,1,0,0,1,0.0
2022-02-10,MDKA.JK,3443.872314453125,3580.456298828125,3443.872314453125,3521.92041015625,75366041.0,1,1,0,0,0.1531
2022-02-15,MDKA.JK,3668.260498046875,3707.284423828125,3541.432373046875,3570.700439453125,162993446.0,1,1,0,0,0.4767
2022-02-17,MDKA.JK,3765.820556640625,3804.8447265625,3658.50439453125,3707.284423828125,58242753.0,1,1,0,0,0.7184
2022-02-22,MDKA.JK,3687.7724609375,3746.30859375,3599.968505859375,3717.04052734375,57826907.0,1,0,0,1,0.0
2022-02-24,MDKA.JK,3746.30859375,3756.064697265625,3570.700439453125,3756.064697265625,86104241.0,2,2,0,0,0.5919
2022-02-25,MDKA.JK,3775.57666015625,3804.8447265625,3697.528564453125,3746.30859375,68628862.0,1,0,0,1,0.0
2022-03-04,MDKA.JK,4136.548828125,4341.42529296875,3853.624755859375,3853.624755859375,195208454.0,5,3,0,2,0.3708
2022-03-07,MDKA.JK,4253.62109375,4331.66943359375,4146.30517578125,4243.865234375,113961320.0,3,3,0,0,0.3816333333333333
2022-03-08,MDKA.JK,4585.32568359375,4585.32568359375,4292.64501953125,4292.64501953125,152462503.0,3,2,0,1,0.1305333333333333
2022-03-10,MDKA.JK,4282.88916015625,4390.20556640625,4175.5732421875,4390.20556640625,104083001.0,1,0,0,1,0.0
2022-03-18,MDKA.JK,4195.0849609375,4321.9130859375,4156.06103515625,4302.4013671875,71558338.0,2,2,0,0,0.71285
2022-03-28,MDKA.JK,4614.59375,4770.68994140625,4585.32568359375,4634.10546875,112738382.0,1,0,0,1,0.0
2022-03-29,MDKA.JK,4468.25341796875,4712.15380859375,4370.693359375,4614.59375,76625265.0,1,1,0,0,0.6369
2022-03-31,MDKA.JK,4419.4736328125,4468.25341796875,4341.42529296875,4438.9853515625,41629305.0,1,1,0,0,0.4215
2022-04-04,MDKA.JK,4751.177734375,4751.177734375,4448.7412109375,4478.00927734375,64795328.0,1,1,0,0,0.9887
2022-04-05,MDKA.JK,4858.494140625,4926.7861328125,4741.421875,4751.177734375,76940250.0,2,1,0,1,0.1909
2022-04-06,MDKA.JK,4902.39599609375,4902.39599609375,4721.90966796875,4819.4697265625,57155014.0,1,1,0,0,0.9939
2022-04-07,MDKA.JK,4951.17626953125,5073.1259765625,4838.98193359375,4926.7861328125,73941484.0,3,1,0,2,0.1755666666666666
2022-04-08,MDKA.JK,5390.19677734375,5609.70703125,4926.7861328125,5073.1259765625,85731650.0,2,2,0,0,0.3389
2022-04-12,MDKA.JK,5365.806640625,5365.806640625,5048.736328125,5073.1259765625,80943013.0,1,1,0,0,0.3818
2022-04-13,MDKA.JK,5390.19677734375,5463.36669921875,5243.8564453125,5438.9765625,52186488.0,1,1,0,0,0.4019
2022-04-19,MDKA.JK,5425.0,5800.0,5375.0,5700.0,59729900.0,3,1,1,1,-0.0814666666666666
2022-04-20,MDKA.JK,5700.0,5700.0,5300.0,5500.0,78092600.0,2,2,0,0,0.3609
2022-04-27,MDKA.JK,5300.0,5375.0,5000.0,5050.0,49009400.0,3,3,0,0,0.5497333333333333
2022-05-09,MDKA.JK,4950.0,5250.0,4930.0,5150.0,104434800.0,1,1,0,0,0.4019
2022-05-10,MDKA.JK,4830.0,4840.0,4620.0,4800.0,107238100.0,1,0,1,0,-0.2263
2022-05-11,MDKA.JK,4860.0,4950.0,4800.0,4830.0,47129700.0,3,3,0,0,0.5682666666666666
2022-05-13,MDKA.JK,4380.0,4570.0,4280.0,4560.0,107786800.0,2,0,0,2,0.0
2022-05-17,MDKA.JK,4480.0,4600.0,4350.0,4440.0,87255600.0,1,0,1,0,-0.1779
2022-05-19,MDKA.JK,4980.0,5175.0,4620.0,4720.0,140331300.0,2,2,0,0,0.6996
2022-05-24,MDKA.JK,5275.0,5375.0,4900.0,4900.0,87215600.0,1,1,0,0,0.5423
2022-05-25,MDKA.JK,5100.0,5350.0,5050.0,5275.0,52123600.0,2,2,0,0,0.5654
2022-05-31,MDKA.JK,5450.0,5450.0,5100.0,5225.0,146398600.0,2,1,0,1,0.064
2022-06-07,MDKA.JK,5150.0,5375.0,5150.0,5300.0,58420100.0,3,3,0,0,0.5877
2022-06-14,MDKA.JK,4700.0,4740.0,4560.0,4610.0,111505800.0,1,1,0,0,0.2023
2022-06-15,MDKA.JK,4430.0,4690.0,4390.0,4680.0,108234200.0,2,1,1,0,0.0122999999999999
2022-06-20,MDKA.JK,4550.0,4700.0,4100.0,4150.0,248337200.0,1,1,0,0,0.3818
2022-07-04,MDKA.JK,3880.0,4050.0,3820.0,4010.0,69956200.0,1,0,1,0,-0.81
2022-07-12,MDKA.JK,3750.0,3850.0,3750.0,3810.0,27843600.0,1,1,0,0,0.2263
2022-07-22,MDKA.JK,4030.0,4040.0,3800.0,3800.0,62116400.0,1,1,0,0,0.296
2022-07-25,MDKA.JK,3920.0,4130.0,3910.0,4070.0,36131800.0,1,0,1,0,-0.5128
2022-07-28,MDKA.JK,4140.0,4180.0,3970.0,4000.0,76815600.0,1,1,0,0,0.4404
2022-08-08,MDKA.JK,4240.0,4250.0,3980.0,4060.0,81365300.0,5,3,1,1,0.03774
2022-08-09,MDKA.JK,4190.0,4290.0,4170.0,4270.0,75716900.0,1,1,0,0,0.1263
2022-08-11,MDKA.JK,4470.0,4500.0,4250.0,4280.0,76424800.0,3,2,0,1,0.3160666666666666
2022-08-16,MDKA.JK,4230.0,4300.0,4210.0,4290.0,73599500.0,3,2,1,0,0.3785
2022-08-23,MDKA.JK,4150.0,4210.0,4130.0,4180.0,48810500.0,1,0,1,0,-0.3818
2022-09-12,MDKA.JK,4180.0,4270.0,4000.0,4000.0,152697300.0,1,1,0,0,0.4784
2022-09-13,MDKA.JK,4360.0,4450.0,4240.0,4250.0,112721800.0,4,3,1,0,0.51305
2022-09-14,MDKA.JK,4340.0,4440.0,4260.0,4280.0,76233500.0,2,2,0,0,0.7287
2022-09-15,MDKA.JK,4340.0,4400.0,4290.0,4350.0,84997300.0,1,0,0,1,0.0
2022-09-16,MDKA.JK,4220.0,4310.0,4120.0,4290.0,131366400.0,1,0,0,1,0.0
2022-09-22,MDKA.JK,4240.0,4260.0,4070.0,4100.0,40983700.0,3,3,0,0,0.3437333333333334
2022-09-23,MDKA.JK,4210.0,4290.0,4180.0,4240.0,27200300.0,4,3,0,1,0.291225
2022-09-28,MDKA.JK,3850.0,4070.0,3830.0,4060.0,57155300.0,1,1,0,0,0.3818
2022-10-21,MDKA.JK,3740.0,3810.0,3690.0,3810.0,35657800.0,1,0,1,0,-0.4404
2022-11-11,MDKA.JK,4450.0,4450.0,4250.0,4250.0,97538500.0,2,2,0,0,0.5667
2022-11-24,MDKA.JK,4430.0,4480.0,4380.0,4380.0,31060800.0,2,2,0,0,0.44985
2022-11-30,MDKA.JK,4150.0,4180.0,4090.0,4130.0,113575500.0,1,0,0,1,0.0
2022-12-02,MDKA.JK,4440.0,4450.0,4370.0,4450.0,49104900.0,1,1,0,0,0.2732
2022-12-06,MDKA.JK,4350.0,4450.0,4300.0,4450.0,43517800.0,2,2,0,0,0.5207499999999999
2022-12-20,MDKA.JK,4160.0,4290.0,4140.0,4290.0,32229900.0,2,2,0,0,0.2522999999999999
2022-12-21,MDKA.JK,4080.0,4220.0,4030.0,4160.0,36820400.0,1,1,0,0,0.5574
2022-12-28,MDKA.JK,4090.0,4130.0,4050.0,4090.0,14221500.0,2,1,1,0,0.24605
2023-07-31,MDKA.JK,3510.0,3520.0,3310.0,3310.0,43577600.0,2,0,0,2,0.0129
2023-08-14,MDKA.JK,3260.0,3310.0,3240.0,3290.0,11806000.0,1,1,0,0,0.8885
2023-08-23,MDKA.JK,3250.0,3340.0,3250.0,3320.0,16870800.0,1,1,0,0,0.5132
2023-08-30,MDKA.JK,3380.0,3430.0,3200.0,3200.0,43758700.0,1,1,0,0,0.4019
2023-09-11,MDKA.JK,3180.0,3220.0,3130.0,3210.0,37320800.0,1,0,0,1,0.0
2023-09-12,MDKA.JK,3140.0,3210.0,3030.0,3180.0,52984500.0,1,1,0,0,0.8934
2023-09-20,MDKA.JK,3260.0,3360.0,3260.0,3310.0,35120800.0,2,2,0,0,0.73045
2023-09-27,MDKA.JK,3030.0,3050.0,2960.0,3000.0,20039400.0,1,1,0,0,0.8519
2023-09-29,MDKA.JK,2880.0,3000.0,2860.0,3000.0,56451800.0,2,2,0,0,0.77995
2023-10-17,MDKA.JK,2580.0,2630.0,2570.0,2600.0,24626900.0,1,1,0,0,0.5267
2023-10-25,MDKA.JK,2420.0,2450.0,2350.0,2390.0,37763300.0,1,0,1,0,-0.4588
2023-10-26,MDKA.JK,2300.0,2440.0,2280.0,2420.0,57743200.0,2,1,0,1,0.17
2023-10-30,MDKA.JK,2340.0,2370.0,2250.0,2350.0,56565800.0,1,0,0,1,0.0
2023-11-01,MDKA.JK,2300.0,2330.0,2210.0,2240.0,78640700.0,1,1,0,0,0.4019
2023-11-03,MDKA.JK,2450.0,2490.0,2390.0,2420.0,31501800.0,1,1,0,0,0.7783
2023-11-06,MDKA.JK,2510.0,2570.0,2470.0,2470.0,25887900.0,1,0,0,1,0.0
2023-11-22,MDKA.JK,2100.0,2430.0,2080.0,2410.0,158826000.0,1,1,0,0,0.6486
2023-11-23,MDKA.JK,2250.0,2290.0,2060.0,2060.0,99443700.0,1,0,1,0,-0.4767
2023-11-29,MDKA.JK,2460.0,2520.0,2430.0,2440.0,96119700.0,1,1,0,0,0.8402
2023-11-30,MDKA.JK,2530.0,2530.0,2400.0,2470.0,271581900.0,1,0,1,0,-0.1531
2023-12-04,MDKA.JK,2640.0,2740.0,2640.0,2670.0,78072700.0,2,1,1,0,0.1651
2023-12-05,MDKA.JK,2520.0,2610.0,2500.0,2600.0,34926400.0,1,0,0,1,0.0
2023-12-08,MDKA.JK,2470.0,2570.0,2460.0,2540.0,34740600.0,1,1,0,0,0.34
2023-12-18,MDKA.JK,2290.0,2350.0,2260.0,2320.0,37743100.0,1,0,0,1,0.0
2023-12-21,MDKA.JK,2570.0,2620.0,2490.0,2600.0,64007400.0,2,2,0,0,0.42285
2024-01-12,MDKA.JK,2460.0,2460.0,2400.0,2430.0,25971700.0,1,1,0,0,0.2732
2024-01-16,MDKA.JK,2410.0,2460.0,2330.0,2430.0,54594500.0,1,1,0,0,0.2732
2024-01-17,MDKA.JK,2530.0,2580.0,2400.0,2400.0,96484200.0,2,1,0,1,0.401
2024-01-18,MDKA.JK,2670.0,2710.0,2540.0,2540.0,97309500.0,2,1,1,0,0.31495
2024-01-24,MDKA.JK,2710.0,2770.0,2650.0,2650.0,55402900.0,1,0,0,1,0.0
2024-01-26,MDKA.JK,2700.0,2770.0,2690.0,2760.0,21735100.0,1,0,0,1,0.0
2024-02-01,MDKA.JK,2520.0,2700.0,2440.0,2700.0,118056500.0,1,0,0,1,0.0
2024-02-05,MDKA.JK,2480.0,2560.0,2470.0,2550.0,23780400.0,1,1,0,0,0.5267
2024-02-13,MDKA.JK,2410.0,2460.0,2390.0,2440.0,38765000.0,7,6,1,0,0.2594857142857142
2024-02-15,MDKA.JK,2440.0,2530.0,2430.0,2500.0,70982600.0,2,2,0,0,0.73055
2024-02-19,MDKA.JK,2330.0,2370.0,2280.0,2370.0,58664300.0,1,1,0,0,0.3182
2024-04-17,MDKA.JK,2840.0,2930.0,2760.0,2880.0,85988900.0,1,1,0,0,0.4767
2024-04-22,MDKA.JK,2680.0,2840.0,2680.0,2840.0,41174400.0,1,0,1,0,-0.5423
2024-05-02,MDKA.JK,2580.0,2650.0,2500.0,2630.0,54645000.0,2,2,0,0,0.5345
2024-05-08,MDKA.JK,2710.0,2750.0,2670.0,2670.0,36967400.0,1,0,1,0,-0.7096
2024-05-15,MDKA.JK,2750.0,2810.0,2680.0,2700.0,63959800.0,1,1,0,0,0.3612
2024-05-16,MDKA.JK,2740.0,2820.0,2730.0,2780.0,70660300.0,1,0,1,0,-0.3612
2024-05-17,MDKA.JK,2740.0,2770.0,2720.0,2750.0,31984100.0,1,1,0,0,0.3612
2024-05-20,MDKA.JK,2840.0,2880.0,2770.0,2780.0,110414700.0,5,4,1,0,0.27162
2024-05-21,MDKA.JK,2790.0,2850.0,2780.0,2850.0,30942900.0,2,0,2,0,-0.27085
2024-06-04,MDKA.JK,2650.0,2760.0,2650.0,2700.0,60531000.0,1,1,0,0,0.9001
2024-06-06,MDKA.JK,2460.0,2510.0,2440.0,2460.0,37222600.0,2,1,1,0,-0.08295
2024-07-24,MDKA.JK,2410.0,2430.0,2360.0,2380.0,27963300.0,1,1,0,0,0.4215
2024-07-26,MDKA.JK,2390.0,2440.0,2390.0,2430.0,12095800.0,1,0,0,1,0.0
2024-07-31,MDKA.JK,2460.0,2480.0,2430.0,2450.0,26224000.0,1,1,0,0,0.4767
2024-09-05,MDKA.JK,2280.0,2320.0,2270.0,2280.0,20811100.0,2,1,0,1,0.06555
2024-09-06,MDKA.JK,2280.0,2320.0,2280.0,2300.0,19224400.0,1,0,1,0,-0.4723
2024-09-10,MDKA.JK,2260.0,2310.0,2250.0,2290.0,22169300.0,1,1,0,0,0.4215
2024-09-11,MDKA.JK,2260.0,2280.0,2220.0,2280.0,27750300.0,1,1,0,0,0.5106
2024-09-17,MDKA.JK,2300.0,2330.0,2290.0,2310.0,32593700.0,1,1,0,0,0.5267
2024-09-23,MDKA.JK,2290.0,2320.0,2260.0,2280.0,33977500.0,2,1,1,0,-0.1110999999999999
2024-09-24,MDKA.JK,2340.0,2340.0,2270.0,2300.0,52162400.0,1,0,0,1,0.0
2024-09-25,MDKA.JK,2450.0,2450.0,2360.0,2390.0,128909500.0,3,2,1,0,0.1595666666666666
2024-09-27,MDKA.JK,2700.0,2750.0,2610.0,2620.0,112032500.0,1,1,0,0,0.2023
2024-11-28,MDKA.JK,1930.0,2020.0,1830.0,2020.0,132976100.0,1,0,0,1,0.0
2024-12-04,MDKA.JK,1930.0,1940.0,1850.0,1865.0,37877700.0,1,1,0,0,0.3612
2024-12-19,MDKA.JK,1615.0,1700.0,1550.0,1700.0,83025800.0,1,1,0,0,0.3182
2024-12-20,MDKA.JK,1595.0,1640.0,1565.0,1600.0,114622700.0,1,1,0,0,0.25
2024-12-30,MDKA.JK,1615.0,1700.0,1580.0,1580.0,57612000.0,1,0,1,0,-0.3818
2025-01-08,MDKA.JK,1360.0,1525.0,1360.0,1520.0,146043100.0,2,0,1,1,-0.2678
2025-02-12,MDKA.JK,1505.0,1510.0,1435.0,1460.0,54538300.0,1,1,0,0,0.0516
2025-02-17,MDKA.JK,1800.0,1845.0,1610.0,1650.0,128027100.0,1,1,0,0,0.4767
2025-02-18,MDKA.JK,1800.0,1875.0,1755.0,1805.0,66891300.0,2,2,0,0,0.66315
2025-02-25,MDKA.JK,1545.0,1715.0,1545.0,1710.0,100549400.0,1,0,1,0,-0.1779
2025-03-07,MDKA.JK,1530.0,1580.0,1480.0,1480.0,79362100.0,1,0,1,0,-0.1531
2025-03-10,MDKA.JK,1400.0,1530.0,1400.0,1530.0,89565800.0,1,0,0,1,0.0
2025-03-13,MDKA.JK,1340.0,1395.0,1315.0,1350.0,88945500.0,1,1,0,0,0.6808
2025-03-14,MDKA.JK,1340.0,1390.0,1330.0,1365.0,80404400.0,1,1,0,0,0.4648
2025-03-17,MDKA.JK,1440.0,1475.0,1355.0,1355.0,106401500.0,1,1,0,0,0.908
2025-03-21,MDKA.JK,1375.0,1440.0,1360.0,1435.0,52963700.0,1,0,0,1,0.0258
2025-03-24,MDKA.JK,1345.0,1390.0,1325.0,1375.0,34983200.0,1,0,1,0,-0.1531
2025-03-25,MDKA.JK,1350.0,1360.0,1310.0,1345.0,28715500.0,1,0,1,0,-0.6597
2025-03-26,MDKA.JK,1450.0,1465.0,1375.0,1415.0,48511600.0,1,1,0,0,0.6808
2025-05-06,MDKA.JK,1710.0,1790.0,1705.0,1780.0,177219800.0,1,0,1,0,-0.25
2025-05-07,MDKA.JK,1785.0,1905.0,1780.0,1855.0,184953000.0,2,2,0,0,0.55925
2025-05-08,MDKA.JK,1885.0,1970.0,1800.0,1800.0,230630800.0,1,1,0,0,0.128
2025-05-16,MDKA.JK,1890.0,1955.0,1870.0,1935.0,103450700.0,1,1,0,0,0.7845
2025-05-19,MDKA.JK,1975.0,2100.0,1955.0,2070.0,142470700.0,1,0,0,1,0.0
2025-05-20,MDKA.JK,2080.0,2170.0,1975.0,2020.0,123979500.0,1,1,0,0,0.4342
2025-05-27,MDKA.JK,2060.0,2090.0,2020.0,2040.0,47152200.0,2,1,0,1,0.4063
2025-05-28,MDKA.JK,2050.0,2080.0,2020.0,2020.0,64301800.0,6,3,0,3,0.3589499999999999
2025-06-02,MDKA.JK,2030.0,2140.0,1965.0,2120.0,142590300.0,1,0,0,1,0.0
2025-06-03,MDKA.JK,2150.0,2170.0,2070.0,2070.0,85692300.0,2,2,0,0,0.47155
2025-06-04,MDKA.JK,2090.0,2260.0,2080.0,2240.0,187577200.0,4,0,1,3,-0.119175
2025-06-05,MDKA.JK,2270.0,2290.0,2150.0,2160.0,74055300.0,4,2,1,1,0.296975
2025-06-10,MDKA.JK,2160.0,2190.0,2090.0,2140.0,47349400.0,1,0,0,1,0.0
2025-06-11,MDKA.JK,2150.0,2260.0,2150.0,2230.0,61769000.0,1,1,0,0,0.2023
2025-06-13,MDKA.JK,2240.0,2300.0,2210.0,2230.0,87645500.0,2,0,0,2,0.0
2025-06-16,MDKA.JK,2260.0,2340.0,2170.0,2200.0,92169300.0,4,3,0,1,0.5144249999999999
2025-06-19,MDKA.JK,2250.0,2250.0,2060.0,2140.0,113408100.0,1,1,0,0,0.5106
2025-06-20,MDKA.JK,2120.0,2150.0,2020.0,2020.0,136012600.0,1,1,0,0,0.296
2025-06-23,MDKA.JK,2010.0,2090.0,1950.0,2040.0,57536400.0,1,0,1,0,-0.6486
2025-06-24,MDKA.JK,2050.0,2080.0,1990.0,1995.0,38833900.0,1,0,1,0,-0.5106
2025-06-25,MDKA.JK,2000.0,2030.0,1800.0,1805.0,128433500.0,1,1,0,0,0.3612
2025-06-26,MDKA.JK,1805.0,1830.0,1750.0,1830.0,100625500.0,1,1,0,0,0.296
2025-06-30,MDKA.JK,1830.0,2040.0,1795.0,2000.0,129494900.0,1,1,0,0,0.7096
2025-07-01,MDKA.JK,2030.0,2070.0,1975.0,2030.0,87941100.0,12,12,0,0,0.5905
2025-07-03,MDKA.JK,2010.0,2090.0,2010.0,2090.0,50084500.0,2,1,0,1,0.21075
2025-07-08,MDKA.JK,2060.0,2120.0,2060.0,2080.0,28242400.0,2,2,0,0,0.4126999999999999
